id;type_objet;statut;score_confiance;nb_revisions;derniere_revision
QCM_2021_S1_BACT_001;qcm;Non vu;0;0;
QCM_2021_S1_BACT_002;qcm;Non vu;0;0;
QCM_2021_S1_BACT_003;qcm;Non vu;0;0;
QCM_2021_S1_BACT_004;qcm;Non vu;0;0;
QCM_2021_S1_BACT_005;qcm;Non vu;0;0;
QCM_2021_S1_BACT_006;qcm;Non vu;0;0;
QCM_2021_S1_BACT_007;qcm;Non vu;0;0;
QCM_2021_S1_BACT_008;qcm;Non vu;0;0;
QCM_2021_S1_BACT_009;qcm;Non vu;0;0;
QCM_2021_S1_BACT_010;qcm;Non vu;0;0;
QCM_2021_S1_BACT_011;qcm;Non vu;0;0;
QCM_2021_S1_BACT_012;qcm;Non vu;0;0;
QCM_2021_S1_BACT_013;qcm;Non vu;0;0;
QCM_2021_S1_BACT_014;qcm;Non vu;0;0;
QCM_2021_S1_BACT_015;qcm;Non vu;0;0;
QCM_2021_S1_BACT_016;qcm;Non vu;0;0;
QCM_2021_S1_BACT_017;qcm;Non vu;0;0;
QCM_2021_S1_BACT_018;qcm;Non vu;0;0;
QCM_2021_S1_BACT_019;qcm;Non vu;0;0;
QCM_2021_S1_BACT_020;qcm;Non vu;0;0;
QCM_2021_S1_VIRO_001;qcm;Non vu;0;0;
QCM_2021_S1_VIRO_002;qcm;Non vu;0;0;
QCM_2021_S1_VIRO_003;qcm;Non vu;0;0;
QCM_2021_S1_VIRO_004;qcm;Non vu;0;0;
QCM_2021_S1_VIRO_005;qcm;Non vu;0;0;
QCM_2021_S1_VIRO_006;qcm;Non vu;0;0;
QCM_2021_S1_VIRO_007;qcm;Non vu;0;0;
QCM_2021_S1_VIRO_008;qcm;Non vu;0;0;
QCM_2021_S1_VIRO_009;qcm;Non vu;0;0;
QCM_2021_S1_VIRO_010;qcm;Non vu;0;0;
QCM_2021_S1_VIRO_011;qcm;Non vu;0;0;
QCM_2021_S1_VIRO_012;qcm;Non vu;0;0;
QCM_2021_S1_VIRO_013;qcm;Non vu;0;0;
QCM_2021_S1_VIRO_014;qcm;Non vu;0;0;
QCM_2021_S1_VIRO_015;qcm;Non vu;0;0;
QCM_2021_S1_VIRO_016;qcm;Non vu;0;0;
QCM_2021_S1_VIRO_017;qcm;Non vu;0;0;
QCM_2021_S1_VIRO_018;qcm;Non vu;0;0;
QCM_2021_S1_VIRO_019;qcm;Non vu;0;0;
QCM_2021_S1_VIRO_020;qcm;Non vu;0;0;
QCM_2021_S1_PARA_001;qcm;Non vu;0;0;
QCM_2021_S1_PARA_002;qcm;Non vu;0;0;
QCM_2021_S1_PARA_003;qcm;Non vu;0;0;
QCM_2021_S1_PARA_004;qcm;Non vu;0;0;
QCM_2021_S1_PARA_005;qcm;Non vu;0;0;
QCM_2021_S1_PARA_006;qcm;Non vu;0;0;
QCM_2021_S1_PARA_007;qcm;Non vu;0;0;
QCM_2021_S1_PARA_008;qcm;Non vu;0;0;
QCM_2021_S1_PARA_009;qcm;Non vu;0;0;
QCM_2021_S1_PARA_010;qcm;Non vu;0;0;
QCM_2021_S1_PARA_011;qcm;Non vu;0;0;
QCM_2021_S1_PARA_012;qcm;Non vu;0;0;
QCM_2021_S1_PARA_013;qcm;Non vu;0;0;
QCM_2021_S1_PARA_014;qcm;Non vu;0;0;
QCM_2021_S1_PARA_015;qcm;Non vu;0;0;
QCM_2021_S1_NOSO_001;qcm;Non vu;0;0;
QCM_2021_S1_NOSO_002;qcm;Non vu;0;0;
QCM_2021_S1_NOSO_003;qcm;Non vu;0;0;
QCM_2021_S1_NOSO_004;qcm;Non vu;0;0;
QCM_2021_S1_NOSO_005;qcm;Non vu;0;0;
QCM_2021_S1_NOSO_006;qcm;Non vu;0;0;
QCM_2021_S1_NOSO_007;qcm;Non vu;0;0;
QCM_2021_S1_NOSO_008;qcm;Non vu;0;0;
QCM_2021_S1_NOSO_009;qcm;Non vu;0;0;
QCM_2021_S1_NOSO_010;qcm;Non vu;0;0;
QCM_2021_S1_NOSO_011;qcm;Non vu;0;0;
QCM_2021_S1_NOSO_012;qcm;Non vu;0;0;
QCM_2021_S1_NOSO_013;qcm;Non vu;0;0;
QCM_2021_S1_NOSO_014;qcm;Non vu;0;0;
QCM_2021_S1_NOSO_015;qcm;Non vu;0;0;
QCM_2021_S1_NOSO_016;qcm;Non vu;0;0;
QCM_2021_S1_NOSO_017;qcm;Non vu;0;0;
QCM_2021_S1_NOSO_018;qcm;Non vu;0;0;
QCM_2021_S1_NOSO_019;qcm;Non vu;0;0;
QCM_2021_S1_NOSO_020;qcm;Non vu;0;0;
QCM_2021_S2_MIX_001;qcm;Non vu;0;0;
QCM_2021_S2_MIX_002;qcm;Non vu;0;0;
QCM_2021_S2_MIX_003;qcm;Non vu;0;0;
QCM_2021_S2_MIX_004;qcm;Non vu;0;0;
QCM_2021_S2_MIX_005;qcm;Non vu;0;0;
QCM_2021_S2_MIX_006;qcm;Non vu;0;0;
QCM_2021_S2_MIX_007;qcm;Non vu;0;0;
QCM_2021_S2_MIX_008;qcm;Non vu;0;0;
QCM_2021_S2_MIX_009;qcm;Non vu;0;0;
QCM_2021_S2_MIX_010;qcm;Non vu;0;0;
QCM_2021_S2_MIX_011;qcm;Non vu;0;0;
QCM_2021_S2_MIX_012;qcm;Non vu;0;0;
QCM_2021_S2_MIX_013;qcm;Non vu;0;0;
QCM_2021_S2_MIX_014;qcm;Non vu;0;0;
QCM_2021_S2_MIX_015;qcm;Non vu;0;0;
QCM_2021_S2_MIX_016;qcm;Non vu;0;0;
QCM_2021_S2_MIX_017;qcm;Non vu;0;0;
QCM_2021_S2_MIX_018;qcm;Non vu;0;0;
QCM_2021_S2_MIX_019;qcm;Non vu;0;0;
QCM_2021_S2_MIX_020;qcm;Non vu;0;0;
QCM_2021_S2_MIX_021;qcm;Non vu;0;0;
QCM_2021_S2_MIX_022;qcm;Non vu;0;0;
QCM_2021_S2_MIX_023;qcm;Non vu;0;0;
QCM_2021_S2_MIX_024;qcm;Non vu;0;0;
QCM_2021_S2_MIX_025;qcm;Non vu;0;0;
QCM_2021_S2_MIX_026;qcm;Non vu;0;0;
QCM_2021_S2_MIX_027;qcm;Non vu;0;0;
QCM_2021_S2_MIX_028;qcm;Non vu;0;0;
QCM_2021_S2_MIX_029;qcm;Non vu;0;0;
QCM_2021_S2_MIX_030;qcm;Non vu;0;0;
QCM_2022_S1_BACT_DP1_001;qcm;Non vu;0;0;
QCM_2022_S1_BACT_DP1_002;qcm;Non vu;0;0;
QCM_2022_S1_BACT_DP1_003;qcm;Non vu;0;0;
QCM_2022_S1_BACT_DP1_004;qcm;Non vu;0;0;
QCM_2022_S1_BACT_DP1_005;qcm;Non vu;0;0;
QCM_2022_S1_BACT_DP1_006;qcm;Non vu;0;0;
QCM_2022_S1_BACT_DP1_007;qcm;Non vu;0;0;
QCM_2022_S1_BACT_DP1_008;qcm;Non vu;0;0;
QCM_2022_S1_BACT_DP1_009;qcm;Non vu;0;0;
QCM_2022_S1_BACT_DP1_010;qcm;Non vu;0;0;
QCM_2022_S1_BACT_DP1_011;qcm;Non vu;0;0;
QCM_2022_S1_BACT_DP1_012;qcm;Non vu;0;0;
QCM_2022_S1_VIRO_DP2_001;qcm;Non vu;0;0;
QCM_2022_S1_VIRO_DP2_002;qcm;Non vu;0;0;
QCM_2022_S1_VIRO_DP2_003;qcm;Non vu;0;0;
QCM_2022_S1_VIRO_DP2_004;qcm;Non vu;0;0;
QCM_2022_S1_VIRO_DP2_005;qcm;Non vu;0;0;
QCM_2022_S1_VIRO_DP2_006;qcm;Non vu;0;0;
QCM_2022_S1_VIRO_DP2_007;qcm;Non vu;0;0;
QCM_2022_S1_VIRO_DP2_008;qcm;Non vu;0;0;
QCM_2022_S1_VIRO_DP2_009;qcm;Non vu;0;0;
QCM_2022_S1_VIRO_DP2_010;qcm;Non vu;0;0;
QCM_2022_S1_PARA_DP3_001;qcm;Non vu;0;0;
QCM_2022_S1_PARA_DP3_002;qcm;Non vu;0;0;
QCM_2022_S1_PARA_DP3_003;qcm;Non vu;0;0;
QCM_2022_S1_PARA_DP3_004;qcm;Non vu;0;0;
QCM_2022_S1_PARA_DP3_005;qcm;Non vu;0;0;
QCM_2022_S1_PARA_DP3_006;qcm;Non vu;0;0;
QCM_2022_S1_PARA_DP3_007;qcm;Non vu;0;0;
QCM_2022_S1_PARA_DP3_008;qcm;Non vu;0;0;
QCM_2022_S1_PARA_DP3_009;qcm;Non vu;0;0;
QCM_2022_S1_PARA_DP3_010;qcm;Non vu;0;0;
QCM_2022_S1_BACT_DL1_001;qcm;Non vu;0;0;
QCM_2022_S1_BACT_DL1_002;qcm;Non vu;0;0;
QCM_2022_S1_BACT_DL1_003;qcm;Non vu;0;0;
QCM_2022_S1_BACT_DL1_004;qcm;Non vu;0;0;
QCM_2022_S1_BACT_DL1_005;qcm;Non vu;0;0;
QCM_2022_S1_BACT_DL1_006;qcm;Non vu;0;0;
QCM_2022_S1_BACT_DL1_007;qcm;Non vu;0;0;
QCM_2022_S1_BACT_DL1_008;qcm;Non vu;0;0;
QCM_2022_S1_BACT_DL1_009;qcm;Non vu;0;0;
QCM_2022_S1_BACT_DL1_010;qcm;Non vu;0;0;
QCM_2022_S1_BACT_DL1_011;qcm;Non vu;0;0;
QCM_2022_S1_BACT_DL1_012;qcm;Non vu;0;0;
QCM_2022_S1_BACT_DL1_013;qcm;Non vu;0;0;
QCM_2022_S1_BACT_DL1_014;qcm;Non vu;0;0;
QCM_2022_S1_BACT_DL1_015;qcm;Non vu;0;0;
QCM_2022_S1_BACT_DL1_016;qcm;Non vu;0;0;
QCM_2022_S1_BACT_DL1_017;qcm;Non vu;0;0;
QCM_2022_S1_BACT_DL1_018;qcm;Non vu;0;0;
QCM_2022_S1_BACT_DL1_019;qcm;Non vu;0;0;
QCM_2022_S1_BACT_DL1_020;qcm;Non vu;0;0;
QCM_2022_S1_BACT_DL1_021;qcm;Non vu;0;0;
QCM_2022_S1_BACT_DL1_022;qcm;Non vu;0;0;
QCM_2022_S1_VIRO_DL2_001;qcm;Non vu;0;0;
QCM_2022_S1_VIRO_DL2_002;qcm;Non vu;0;0;
QCM_2022_S1_VIRO_DL2_003;qcm;Non vu;0;0;
QCM_2022_S1_VIRO_DL2_004;qcm;Non vu;0;0;
QCM_2022_S1_VIRO_DL2_005;qcm;Non vu;0;0;
QCM_2022_S1_VIRO_DL2_006;qcm;Non vu;0;0;
QCM_2022_S1_VIRO_DL2_007;qcm;Non vu;0;0;
QCM_2022_S1_VIRO_DL2_008;qcm;Non vu;0;0;
QCM_2022_S1_VIRO_DL2_009;qcm;Non vu;0;0;
QCM_2022_S1_VIRO_DL2_010;qcm;Non vu;0;0;
QCM_2022_S1_VIRO_DL2_011;qcm;Non vu;0;0;
QCM_2022_S1_VIRO_DL2_012;qcm;Non vu;0;0;
QCM_2022_S1_VIRO_DL2_013;qcm;Non vu;0;0;
QCM_2022_S1_VIRO_DL2_014;qcm;Non vu;0;0;
QCM_2022_S1_VIRO_DL2_015;qcm;Non vu;0;0;
QCM_2022_S1_VIRO_DL2_016;qcm;Non vu;0;0;
QCM_2022_S1_VIRO_DL2_017;qcm;Non vu;0;0;
QCM_2022_S1_VIRO_DL2_018;qcm;Non vu;0;0;
QCM_2022_S1_VIRO_DL2_019;qcm;Non vu;0;0;
QCM_2022_S1_VIRO_DL2_020;qcm;Non vu;0;0;
QCM_2022_S1_PARA_DL3_001;qcm;Non vu;0;0;
QCM_2022_S1_PARA_DL3_002;qcm;Non vu;0;0;
QCM_2022_S1_PARA_DL3_003;qcm;Non vu;0;0;
QCM_2022_S1_PARA_DL3_004;qcm;Non vu;0;0;
QCM_2022_S1_PARA_DL3_005;qcm;Non vu;0;0;
QCM_2022_S1_PARA_DL3_006;qcm;Non vu;0;0;
QCM_2022_S1_PARA_DL3_007;qcm;Non vu;0;0;
QCM_2022_S1_PARA_DL3_008;qcm;Non vu;0;0;
QCM_2022_S1_PARA_DL3_009;qcm;Non vu;0;0;
QCM_2022_S1_PARA_DL3_010;qcm;Non vu;0;0;
QCM_2022_S1_PARA_DL3_011;qcm;Non vu;0;0;
QCM_2022_S1_PARA_DL3_012;qcm;Non vu;0;0;
QCM_2022_S1_PARA_DL3_013;qcm;Non vu;0;0;
QCM_2022_S1_PARA_DL3_014;qcm;Non vu;0;0;
QCM_2022_S1_PARA_DL3_015;qcm;Non vu;0;0;
QCM_2022_S1_PARA_DL3_016;qcm;Non vu;0;0;
QCM_2022_S1_PARA_DL3_017;qcm;Non vu;0;0;
QCM_2022_S1_PARA_DL3_018;qcm;Non vu;0;0;
QCM_2022_S2_PARA_DP_001;qcm;Non vu;0;0;
QCM_2022_S2_PARA_DP_002;qcm;Non vu;0;0;
QCM_2022_S2_PARA_DP_003;qcm;Non vu;0;0;
QCM_2022_S2_PARA_DP_004;qcm;Non vu;0;0;
QCM_2022_S2_PARA_DP_005;qcm;Non vu;0;0;
QCM_2022_S2_PARA_DP_006;qcm;Non vu;0;0;
QCM_2022_S2_PARA_DP_007;qcm;Non vu;0;0;
QCM_2022_S2_PARA_DP_008;qcm;Non vu;0;0;
QCM_2022_S2_PARA_DP_009;qcm;Non vu;0;0;
QCM_2022_S2_PARA_DP_010;qcm;Non vu;0;0;
QCM_2022_S2_PARA_DP_011;qcm;Non vu;0;0;
QCM_2022_S2_PARA_DP_012;qcm;Non vu;0;0;
QCM_2022_S2_PARA_DP_013;qcm;Non vu;0;0;
QCM_2022_S2_PARA_DL_001;qcm;Non vu;0;0;
QCM_2022_S2_PARA_DL_002;qcm;Non vu;0;0;
QCM_2022_S2_PARA_DL_003;qcm;Non vu;0;0;
QCM_2022_S2_PARA_DL_004;qcm;Non vu;0;0;
QCM_2022_S2_PARA_DL_005;qcm;Non vu;0;0;
QCM_2022_S2_PARA_DL_006;qcm;Non vu;0;0;
QCM_2022_S2_PARA_DL_007;qcm;Non vu;0;0;
QCM_2022_S2_PARA_DL_008;qcm;Non vu;0;0;
QCM_2022_S2_PARA_DL_009;qcm;Non vu;0;0;
QCM_2022_S2_PARA_DL_010;qcm;Non vu;0;0;
QCM_2022_S2_PARA_DL_011;qcm;Non vu;0;0;
QCM_2022_S2_PARA_DL_012;qcm;Non vu;0;0;
QCM_2022_S2_PARA_DL_013;qcm;Non vu;0;0;
QCM_2022_S2_PARA_DL_014;qcm;Non vu;0;0;
QCM_2022_S2_PARA_DL_015;qcm;Non vu;0;0;
QCM_2022_S2_VIRO_DP_001;qcm;Non vu;0;0;
QCM_2022_S2_VIRO_DP_002;qcm;Non vu;0;0;
QCM_2022_S2_VIRO_DP_003;qcm;Non vu;0;0;
QCM_2022_S2_VIRO_DP_004;qcm;Non vu;0;0;
QCM_2022_S2_VIRO_DP_005;qcm;Non vu;0;0;
QCM_2022_S2_VIRO_DP_006;qcm;Non vu;0;0;
QCM_2022_S2_VIRO_DP_007;qcm;Non vu;0;0;
QCM_2022_S2_VIRO_DP_008;qcm;Non vu;0;0;
QCM_2022_S2_VIRO_DP_009;qcm;Non vu;0;0;
QCM_2022_S2_VIRO_DP_010;qcm;Non vu;0;0;
QCM_2022_S2_VIRO_DL_001;qcm;Non vu;0;0;
QCM_2022_S2_VIRO_DL_002;qcm;Non vu;0;0;
QCM_2022_S2_VIRO_DL_003;qcm;Non vu;0;0;
QCM_2022_S2_VIRO_DL_004;qcm;Non vu;0;0;
QCM_2022_S2_VIRO_DL_005;qcm;Non vu;0;0;
QCM_2022_S2_VIRO_DL_006;qcm;Non vu;0;0;
QCM_2022_S2_VIRO_DL_007;qcm;Non vu;0;0;
QCM_2022_S2_VIRO_DL_008;qcm;Non vu;0;0;
QCM_2022_S2_VIRO_DL_009;qcm;Non vu;0;0;
QCM_2022_S2_VIRO_DL_010;qcm;Non vu;0;0;
QCM_2022_S2_VIRO_DL_011;qcm;Non vu;0;0;
QCM_2022_S2_VIRO_DL_012;qcm;Non vu;0;0;
QCM_2022_S2_VIRO_DL_013;qcm;Non vu;0;0;
QCM_2022_S2_VIRO_DL_014;qcm;Non vu;0;0;
QCM_2022_S2_VIRO_DL_015;qcm;Non vu;0;0;
QCM_2022_S2_VIRO_DL_016;qcm;Non vu;0;0;
QCM_2022_S2_BACT_DP_001;qcm;Non vu;0;0;
QCM_2022_S2_BACT_DP_002;qcm;Non vu;0;0;
QCM_2022_S2_BACT_DP_003;qcm;Non vu;0;0;
QCM_2022_S2_BACT_DP_004;qcm;Non vu;0;0;
QCM_2022_S2_BACT_DP_005;qcm;Non vu;0;0;
QCM_2022_S2_BACT_DP_006;qcm;Non vu;0;0;
QCM_2022_S2_BACT_DP_007;qcm;Non vu;0;0;
QCM_2022_S2_BACT_DP_008;qcm;Non vu;0;0;
QCM_2022_S2_BACT_DP_009;qcm;Non vu;0;0;
QCM_2022_S2_BACT_DP_010;qcm;Non vu;0;0;
QCM_2022_S2_BACT_DP_011;qcm;Non vu;0;0;
QCM_2022_S2_BACT_DP_012;qcm;Non vu;0;0;
QCM_2022_S2_BACT_DL_001;qcm;Non vu;0;0;
QCM_2022_S2_BACT_DL_002;qcm;Non vu;0;0;
QCM_2022_S2_BACT_DL_003;qcm;Non vu;0;0;
QCM_2022_S2_BACT_DL_004;qcm;Non vu;0;0;
QCM_2022_S2_BACT_DL_005;qcm;Non vu;0;0;
QCM_2022_S2_BACT_DL_006;qcm;Non vu;0;0;
QCM_2022_S2_BACT_DL_007;qcm;Non vu;0;0;
QCM_2022_S2_BACT_DL_008;qcm;Non vu;0;0;
QCM_2022_S2_BACT_DL_009;qcm;Non vu;0;0;
QCM_2022_S2_BACT_DL_010;qcm;Non vu;0;0;
QCM_2022_S2_BACT_DL_011;qcm;Non vu;0;0;
QCM_2022_S2_BACT_DL_012;qcm;Non vu;0;0;
QCM_2022_S2_BACT_DL_013;qcm;Non vu;0;0;
QCM_2022_S2_BACT_DL_014;qcm;Non vu;0;0;
QCM_2022_S2_BACT_DL_015;qcm;Non vu;0;0;
QCM_2022_S2_BACT_DL_016;qcm;Non vu;0;0;
QCM_2022_S2_BACT_DL_017;qcm;Non vu;0;0;
QCM_2022_S2_BACT_DL_018;qcm;Non vu;0;0;
QCM_2022_S2_BACT_DL_019;qcm;Non vu;0;0;
QCM_2022_S2_BACT_DL_020;qcm;Non vu;0;0;
QCM_2022_S2_BACT_DL_021;qcm;Non vu;0;0;
QCM_2022_S2_BACT_DL_022;qcm;Non vu;0;0;
QCM_2023_S1_VIRO_DL1_001;qcm;Non vu;0;0;
QCM_2023_S1_VIRO_DL1_002;qcm;Non vu;0;0;
QCM_2023_S1_VIRO_DL1_003;qcm;Non vu;0;0;
QCM_2023_S1_VIRO_DL1_004;qcm;Non vu;0;0;
QCM_2023_S1_VIRO_DL1_005;qcm;Non vu;0;0;
QCM_2023_S1_VIRO_DL1_006;qcm;Non vu;0;0;
QCM_2023_S1_VIRO_DL1_007;qcm;Non vu;0;0;
QCM_2023_S1_VIRO_DL1_008;qcm;Non vu;0;0;
QCM_2023_S1_VIRO_DL1_009;qcm;Non vu;0;0;
QCM_2023_S1_VIRO_DL1_010;qcm;Non vu;0;0;
QCM_2023_S1_VIRO_DL1_011;qcm;Non vu;0;0;
QCM_2023_S1_VIRO_DL1_012;qcm;Non vu;0;0;
QCM_2023_S1_VIRO_DL1_013;qcm;Non vu;0;0;
QCM_2023_S1_VIRO_DL1_014;qcm;Non vu;0;0;
QCM_2023_S1_VIRO_DL1_015;qcm;Non vu;0;0;
QCM_2023_S1_VIRO_DL1_016;qcm;Non vu;0;0;
QCM_2023_S1_VIRO_DL1_017;qcm;Non vu;0;0;
QCM_2023_S1_VIRO_DL1_018;qcm;Non vu;0;0;
QCM_2023_S1_VIRO_DL1_019;qcm;Non vu;0;0;
QCM_2023_S1_VIRO_DP_001;qcm;Non vu;0;0;
QCM_2023_S1_VIRO_DP_002;qcm;Non vu;0;0;
QCM_2023_S1_VIRO_DP_003;qcm;Non vu;0;0;
QCM_2023_S1_VIRO_DP_004;qcm;Non vu;0;0;
QCM_2023_S1_VIRO_DP_005;qcm;Non vu;0;0;
QCM_2023_S1_VIRO_DP_006;qcm;Non vu;0;0;
QCM_2023_S1_VIRO_DP_007;qcm;Non vu;0;0;
QCM_2023_S1_VIRO_DP_008;qcm;Non vu;0;0;
QCM_2023_S1_VIRO_DP_009;qcm;Non vu;0;0;
QCM_2023_S1_VIRO_DP_010;qcm;Non vu;0;0;
QCM_2023_S1_VIRO_DP_011;qcm;Non vu;0;0;
QCM_2023_S1_BACT_DL1_001;qcm;Non vu;0;0;
QCM_2023_S1_BACT_DL1_002;qcm;Non vu;0;0;
QCM_2023_S1_BACT_DL1_003;qcm;Non vu;0;0;
QCM_2023_S1_BACT_DL1_004;qcm;Non vu;0;0;
QCM_2023_S1_BACT_DL1_005;qcm;Non vu;0;0;
QCM_2023_S1_BACT_DL1_006;qcm;Non vu;0;0;
QCM_2023_S1_BACT_DL1_007;qcm;Non vu;0;0;
QCM_2023_S1_BACT_DL1_008;qcm;Non vu;0;0;
QCM_2023_S1_BACT_DL1_009;qcm;Non vu;0;0;
QCM_2023_S1_BACT_DL1_010;qcm;Non vu;0;0;
QCM_2023_S1_BACT_DL1_011;qcm;Non vu;0;0;
QCM_2023_S1_BACT_DL1_012;qcm;Non vu;0;0;
QCM_2023_S1_BACT_DL1_013;qcm;Non vu;0;0;
QCM_2023_S1_BACT_DL1_014;qcm;Non vu;0;0;
QCM_2023_S1_BACT_DL1_015;qcm;Non vu;0;0;
QCM_2023_S1_BACT_DL1_016;qcm;Non vu;0;0;
QCM_2023_S1_BACT_DL1_017;qcm;Non vu;0;0;
QCM_2023_S1_BACT_DL1_018;qcm;Non vu;0;0;
QCM_2023_S1_BACT_DL1_019;qcm;Non vu;0;0;
QCM_2023_S1_BACT_DL1_020;qcm;Non vu;0;0;
QCM_2023_S1_BACT_DL1_021;qcm;Non vu;0;0;
QCM_2023_S1_BACT_DL1_022;qcm;Non vu;0;0;
QCM_2023_S1_BACT_DP_001;qcm;Non vu;0;0;
QCM_2023_S1_BACT_DP_002;qcm;Non vu;0;0;
QCM_2023_S1_BACT_DP_003;qcm;Non vu;0;0;
QCM_2023_S1_BACT_DP_004;qcm;Non vu;0;0;
QCM_2023_S1_BACT_DP_005;qcm;Non vu;0;0;
QCM_2023_S1_BACT_DP_006;qcm;Non vu;0;0;
QCM_2023_S1_BACT_DP_007;qcm;Non vu;0;0;
QCM_2023_S1_BACT_DP_008;qcm;Non vu;0;0;
QCM_2023_S1_BACT_DP_009;qcm;Non vu;0;0;
QCM_2023_S1_BACT_DP_010;qcm;Non vu;0;0;
QCM_2023_S1_PARA_DL1_001;qcm;Non vu;0;0;
QCM_2023_S1_PARA_DL1_002;qcm;Non vu;0;0;
QCM_2023_S1_PARA_DL1_003;qcm;Non vu;0;0;
QCM_2023_S1_PARA_DL1_004;qcm;Non vu;0;0;
QCM_2023_S1_PARA_DL1_005;qcm;Non vu;0;0;
QCM_2023_S1_PARA_DL1_006;qcm;Non vu;0;0;
QCM_2023_S1_PARA_DL1_007;qcm;Non vu;0;0;
QCM_2023_S1_PARA_DL1_008;qcm;Non vu;0;0;
QCM_2023_S1_PARA_DL1_009;qcm;Non vu;0;0;
QCM_2023_S1_PARA_DL1_010;qcm;Non vu;0;0;
QCM_2023_S1_PARA_DL1_011;qcm;Non vu;0;0;
QCM_2023_S1_PARA_DL1_012;qcm;Non vu;0;0;
QCM_2023_S1_PARA_DL1_013;qcm;Non vu;0;0;
QCM_2023_S1_PARA_DL1_014;qcm;Non vu;0;0;
QCM_2023_S1_PARA_DL1_015;qcm;Non vu;0;0;
QCM_2023_S1_PARA_DL1_016;qcm;Non vu;0;0;
QCM_2023_S1_PARA_DL1_017;qcm;Non vu;0;0;
QCM_2023_S1_PARA_DL1_018;qcm;Non vu;0;0;
QCM_2023_S1_PARA_DL1_019;qcm;Non vu;0;0;
QCM_2023_S1_PARA_DP_001;qcm;Non vu;0;0;
QCM_2023_S1_PARA_DP_002;qcm;Non vu;0;0;
QCM_2023_S1_PARA_DP_003;qcm;Non vu;0;0;
QCM_2023_S1_PARA_DP_004;qcm;Non vu;0;0;
QCM_2023_S1_PARA_DP_005;qcm;Non vu;0;0;
QCM_2023_S1_PARA_DP_006;qcm;Non vu;0;0;
QCM_2023_S1_PARA_DP_007;qcm;Non vu;0;0;
QCM_2023_S1_PARA_DP_008;qcm;Non vu;0;0;
QCM_2023_S1_PARA_DP_009;qcm;Non vu;0;0;
QCM_2023_S1_PARA_DP_010;qcm;Non vu;0;0;
QCM_2023_S1_PARA_DP_011;qcm;Non vu;0;0;
QCM_2023_S2_VIRO_DP_001;qcm;Non vu;0;0;
QCM_2023_S2_VIRO_DP_002;qcm;Non vu;0;0;
QCM_2023_S2_VIRO_DP_003;qcm;Non vu;0;0;
QCM_2023_S2_VIRO_DP_004;qcm;Non vu;0;0;
QCM_2023_S2_VIRO_DP_005;qcm;Non vu;0;0;
QCM_2023_S2_VIRO_DP_006;qcm;Non vu;0;0;
QCM_2023_S2_VIRO_DP_007;qcm;Non vu;0;0;
QCM_2023_S2_VIRO_DP_008;qcm;Non vu;0;0;
QCM_2023_S2_VIRO_DP_009;qcm;Non vu;0;0;
QCM_2023_S2_VIRO_DP_010;qcm;Non vu;0;0;
QCM_2023_S2_VIRO_DP_011;qcm;Non vu;0;0;
QCM_2023_S2_VIRO_DP_012;qcm;Non vu;0;0;
QCM_2023_S2_BACT_DP_001;qcm;Non vu;0;0;
QCM_2023_S2_BACT_DP_002;qcm;Non vu;0;0;
QCM_2023_S2_BACT_DP_003;qcm;Non vu;0;0;
QCM_2023_S2_BACT_DP_004;qcm;Non vu;0;0;
QCM_2023_S2_BACT_DP_005;qcm;Non vu;0;0;
QCM_2023_S2_BACT_DP_006;qcm;Non vu;0;0;
QCM_2023_S2_BACT_DP_007;qcm;Non vu;0;0;
QCM_2023_S2_BACT_DP_008;qcm;Non vu;0;0;
QCM_2023_S2_BACT_DP_009;qcm;Non vu;0;0;
QCM_2023_S2_BACT_DP_010;qcm;Non vu;0;0;
QCM_2023_S2_PARA_DP_001;qcm;Non vu;0;0;
QCM_2023_S2_PARA_DP_002;qcm;Non vu;0;0;
QCM_2023_S2_PARA_DP_003;qcm;Non vu;0;0;
QCM_2023_S2_PARA_DP_004;qcm;Non vu;0;0;
QCM_2023_S2_PARA_DP_005;qcm;Non vu;0;0;
QCM_2023_S2_PARA_DP_006;qcm;Non vu;0;0;
QCM_2023_S2_PARA_DP_007;qcm;Non vu;0;0;
QCM_2023_S2_PARA_DP_008;qcm;Non vu;0;0;
QCM_2023_S2_PARA_DP_009;qcm;Non vu;0;0;
QCM_2023_S2_PARA_DP_010;qcm;Non vu;0;0;
QCM_2023_S2_PARA_DP_011;qcm;Non vu;0;0;
QCM_2023_S2_PARA_DP_012;qcm;Non vu;0;0;
QCM_2023_S2_PARA_DP_013;qcm;Non vu;0;0;
QCM_2023_S2_PARA_DP_014;qcm;Non vu;0;0;
QCM_2023_S2_BACT_DL2_001;qcm;Non vu;0;0;
QCM_2023_S2_BACT_DL2_002;qcm;Non vu;0;0;
QCM_2023_S2_BACT_DL2_003;qcm;Non vu;0;0;
QCM_2023_S2_BACT_DL2_004;qcm;Non vu;0;0;
QCM_2023_S2_BACT_DL2_005;qcm;Non vu;0;0;
QCM_2023_S2_BACT_DL2_006;qcm;Non vu;0;0;
QCM_2023_S2_BACT_DL2_007;qcm;Non vu;0;0;
QCM_2023_S2_BACT_DL2_008;qcm;Non vu;0;0;
QCM_2023_S2_BACT_DL2_009;qcm;Non vu;0;0;
QCM_2023_S2_BACT_DL2_010;qcm;Non vu;0;0;
QCM_2023_S2_BACT_DL2_011;qcm;Non vu;0;0;
QCM_2023_S2_BACT_DL2_012;qcm;Non vu;0;0;
QCM_2023_S2_BACT_DL2_013;qcm;Non vu;0;0;
QCM_2023_S2_BACT_DL2_014;qcm;Non vu;0;0;
QCM_2023_S2_BACT_DL2_015;qcm;Non vu;0;0;
QCM_2023_S2_BACT_DL2_016;qcm;Non vu;0;0;
QCM_2023_S2_BACT_DL2_017;qcm;Non vu;0;0;
QCM_2023_S2_BACT_DL2_018;qcm;Non vu;0;0;
QCM_2023_S2_BACT_DL2_019;qcm;Non vu;0;0;
QCM_2023_S2_BACT_DL2_020;qcm;Non vu;0;0;
QCM_2023_S2_BACT_DL2_021;qcm;Non vu;0;0;
QCM_2023_S2_BACT_DL2_022;qcm;Non vu;0;0;
QCM_2023_S2_PARA_QCM_001;qcm;Non vu;0;0;
QCM_2023_S2_PARA_QCM_002;qcm;Non vu;0;0;
QCM_2023_S2_PARA_QCM_003;qcm;Non vu;0;0;
QCM_2023_S2_PARA_QCM_004;qcm;Non vu;0;0;
QCM_2023_S2_PARA_QCM_005;qcm;Non vu;0;0;
QCM_2023_S2_PARA_QCM_006;qcm;Non vu;0;0;
QCM_2023_S2_PARA_QCM_007;qcm;Non vu;0;0;
QCM_2023_S2_PARA_QCM_008;qcm;Non vu;0;0;
QCM_2023_S2_PARA_QCM_009;qcm;Non vu;0;0;
QCM_2023_S2_PARA_QCM_010;qcm;Non vu;0;0;
QCM_2023_S2_PARA_QCM_011;qcm;Non vu;0;0;
QCM_2023_S2_PARA_QCM_012;qcm;Non vu;0;0;
QCM_2023_S2_PARA_QCM_013;qcm;Non vu;0;0;
QCM_2023_S2_PARA_QCM_014;qcm;Non vu;0;0;
QCM_2023_S2_PARA_QCM_015;qcm;Non vu;0;0;
QCM_2023_S2_PARA_QCM_016;qcm;Non vu;0;0;
QCM_2023_S2_PARA_QCM_017;qcm;Non vu;0;0;
QCM_2023_S2_PARA_QCM_018;qcm;Non vu;0;0;
QCM_2023_S2_VIRO_QCM_001;qcm;Non vu;0;0;
QCM_2023_S2_VIRO_QCM_002;qcm;Non vu;0;0;
QCM_2023_S2_VIRO_QCM_003;qcm;Non vu;0;0;
QCM_2023_S2_VIRO_QCM_004;qcm;Non vu;0;0;
QCM_2023_S2_VIRO_QCM_005;qcm;Non vu;0;0;
QCM_2023_S2_VIRO_QCM_006;qcm;Non vu;0;0;
QCM_2023_S2_VIRO_QCM_007;qcm;Non vu;0;0;
QCM_2023_S2_VIRO_QCM_008;qcm;Non vu;0;0;
QCM_2023_S2_VIRO_QCM_009;qcm;Non vu;0;0;
QCM_2023_S2_VIRO_QCM_010;qcm;Non vu;0;0;
QCM_2023_S2_VIRO_QCM_011;qcm;Non vu;0;0;
QCM_2023_S2_VIRO_QCM_012;qcm;Non vu;0;0;
QCM_2023_S2_VIRO_QCM_013;qcm;Non vu;0;0;
QCM_2023_S2_VIRO_QCM_014;qcm;Non vu;0;0;
QCM_2023_S2_VIRO_QCM_015;qcm;Non vu;0;0;
QCM_2023_S2_VIRO_QCM_016;qcm;Non vu;0;0;
QCM_2023_S2_VIRO_QCM_017;qcm;Non vu;0;0;
QCM_2023_S2_VIRO_QCM_018;qcm;Non vu;0;0;
QCM_2023_S2_VIRO_QCM_019;qcm;Non vu;0;0;
QCM_2024_S1_BACT_DP1_001;qcm;Non vu;0;0;
QCM_2024_S1_BACT_DP1_002;qcm;Non vu;0;0;
QCM_2024_S1_BACT_DP1_003;qcm;Non vu;0;0;
QCM_2024_S1_BACT_DP1_004;qcm;Non vu;0;0;
QCM_2024_S1_BACT_DP1_005;qcm;Non vu;0;0;
QCM_2024_S1_BACT_DP1_006;qcm;Non vu;0;0;
QCM_2024_S1_BACT_DP1_007;qcm;Non vu;0;0;
QCM_2024_S1_BACT_DP1_008;qcm;Non vu;0;0;
QCM_2024_S1_BACT_DP1_009;qcm;Non vu;0;0;
QCM_2024_S1_BACT_DP1_010;qcm;Non vu;0;0;
QCM_2024_S1_BACT_DP1_011;qcm;Non vu;0;0;
QCM_2024_S1_PARA_DP2_001;qcm;Non vu;0;0;
QCM_2024_S1_PARA_DP2_002;qcm;Non vu;0;0;
QCM_2024_S1_PARA_DP2_003;qcm;Non vu;0;0;
QCM_2024_S1_PARA_DP2_004;qcm;Non vu;0;0;
QCM_2024_S1_PARA_DP2_005;qcm;Non vu;0;0;
QCM_2024_S1_PARA_DP2_006;qcm;Non vu;0;0;
QCM_2024_S1_PARA_DP2_007;qcm;Non vu;0;0;
QCM_2024_S1_PARA_DP2_008;qcm;Non vu;0;0;
QCM_2024_S1_PARA_DP2_009;qcm;Non vu;0;0;
QCM_2024_S1_PARA_DP2_010;qcm;Non vu;0;0;
QCM_2024_S1_PARA_DP2_011;qcm;Non vu;0;0;
QCM_2024_S1_PARA_DP2_012;qcm;Non vu;0;0;
QCM_2024_S1_PARA_DP2_013;qcm;Non vu;0;0;
QCM_2024_S1_VIRO_DP3_001;qcm;Non vu;0;0;
QCM_2024_S1_VIRO_DP3_002;qcm;Non vu;0;0;
QCM_2024_S1_VIRO_DP3_003;qcm;Non vu;0;0;
QCM_2024_S1_VIRO_DP3_004;qcm;Non vu;0;0;
QCM_2024_S1_VIRO_DP3_005;qcm;Non vu;0;0;
QCM_2024_S1_VIRO_DP3_006;qcm;Non vu;0;0;
QCM_2024_S1_VIRO_DP3_007;qcm;Non vu;0;0;
QCM_2024_S1_VIRO_DP3_008;qcm;Non vu;0;0;
QCM_2024_S1_VIRO_DP3_009;qcm;Non vu;0;0;
QCM_2024_S1_VIRO_DP3_010;qcm;Non vu;0;0;
QCM_2024_S1_VIRO_DP3_011;qcm;Non vu;0;0;
QCM_2024_S1_VIRO_DP3_012;qcm;Non vu;0;0;
QCM_2024_S1_VIRO_DP3_013;qcm;Non vu;0;0;
QCM_2024_S1_PARA_DL1_001;qcm;Non vu;0;0;
QCM_2024_S1_PARA_DL1_002;qcm;Non vu;0;0;
QCM_2024_S1_PARA_DL1_003;qcm;Non vu;0;0;
QCM_2024_S1_PARA_DL1_004;qcm;Non vu;0;0;
QCM_2024_S1_PARA_DL1_005;qcm;Non vu;0;0;
QCM_2024_S1_PARA_DL1_006;qcm;Non vu;0;0;
QCM_2024_S1_PARA_DL1_007;qcm;Non vu;0;0;
QCM_2024_S1_PARA_DL1_008;qcm;Non vu;0;0;
QCM_2024_S1_PARA_DL1_009;qcm;Non vu;0;0;
QCM_2024_S1_PARA_DL1_010;qcm;Non vu;0;0;
QCM_2024_S1_PARA_DL1_011;qcm;Non vu;0;0;
QCM_2024_S1_PARA_DL1_012;qcm;Non vu;0;0;
QCM_2024_S1_PARA_DL1_013;qcm;Non vu;0;0;
QCM_2024_S1_PARA_DL1_014;qcm;Non vu;0;0;
QCM_2024_S1_PARA_DL1_015;qcm;Non vu;0;0;
QCM_2024_S1_PARA_DL1_016;qcm;Non vu;0;0;
QCM_2024_S1_PARA_DL1_017;qcm;Non vu;0;0;
QCM_2024_S1_PARA_DL1_018;qcm;Non vu;0;0;
QCM_2024_S1_VIRO_DL2_001;qcm;Non vu;0;0;
QCM_2024_S1_VIRO_DL2_002;qcm;Non vu;0;0;
QCM_2024_S1_VIRO_DL2_003;qcm;Non vu;0;0;
QCM_2024_S1_VIRO_DL2_004;qcm;Non vu;0;0;
QCM_2024_S1_VIRO_DL2_005;qcm;Non vu;0;0;
QCM_2024_S1_VIRO_DL2_006;qcm;Non vu;0;0;
QCM_2024_S1_VIRO_DL2_007;qcm;Non vu;0;0;
QCM_2024_S1_VIRO_DL2_008;qcm;Non vu;0;0;
QCM_2024_S1_VIRO_DL2_009;qcm;Non vu;0;0;
QCM_2024_S1_VIRO_DL2_010;qcm;Non vu;0;0;
QCM_2024_S1_VIRO_DL2_011;qcm;Non vu;0;0;
QCM_2024_S1_VIRO_DL2_012;qcm;Non vu;0;0;
QCM_2024_S1_VIRO_DL2_013;qcm;Non vu;0;0;
QCM_2024_S1_VIRO_DL2_014;qcm;Non vu;0;0;
QCM_2024_S1_VIRO_DL2_015;qcm;Non vu;0;0;
QCM_2024_S1_VIRO_DL2_016;qcm;Non vu;0;0;
QCM_2024_S1_VIRO_DL2_017;qcm;Non vu;0;0;
QCM_2024_S1_VIRO_DL2_018;qcm;Non vu;0;0;
QCM_2024_S1_VIRO_DL2_019;qcm;Non vu;0;0;
QCM_2024_S1_BACT_DL3_001;qcm;Non vu;0;0;
QCM_2024_S1_BACT_DL3_002;qcm;Non vu;0;0;
QCM_2024_S1_BACT_DL3_003;qcm;Non vu;0;0;
QCM_2024_S1_BACT_DL3_004;qcm;Non vu;0;0;
QCM_2024_S1_BACT_DL3_005;qcm;Non vu;0;0;
QCM_2024_S1_BACT_DL3_006;qcm;Non vu;0;0;
QCM_2024_S1_BACT_DL3_007;qcm;Non vu;0;0;
QCM_2024_S1_BACT_DL3_008;qcm;Non vu;0;0;
QCM_2024_S1_BACT_DL3_009;qcm;Non vu;0;0;
QCM_2024_S1_BACT_DL3_010;qcm;Non vu;0;0;
QCM_2024_S1_BACT_DL3_011;qcm;Non vu;0;0;
QCM_2024_S1_BACT_DL3_012;qcm;Non vu;0;0;
QCM_2024_S1_BACT_DL3_013;qcm;Non vu;0;0;
QCM_2024_S1_BACT_DL3_014;qcm;Non vu;0;0;
QCM_2024_S1_BACT_DL3_015;qcm;Non vu;0;0;
QCM_2024_S1_BACT_DL3_016;qcm;Non vu;0;0;
QCM_2024_S1_BACT_DL3_017;qcm;Non vu;0;0;
QCM_2024_S1_BACT_DL3_018;qcm;Non vu;0;0;
QCM_2024_S1_BACT_DL3_019;qcm;Non vu;0;0;
QCM_2024_S1_BACT_DL3_020;qcm;Non vu;0;0;
QCM_2024_S2_PARA_DL1_001;qcm;Non vu;0;0;
QCM_2024_S2_PARA_DL1_002;qcm;Non vu;0;0;
QCM_2024_S2_PARA_DL1_003;qcm;Non vu;0;0;
QCM_2024_S2_PARA_DL1_004;qcm;Non vu;0;0;
QCM_2024_S2_PARA_DL1_005;qcm;Non vu;0;0;
QCM_2024_S2_PARA_DL1_006;qcm;Non vu;0;0;
QCM_2024_S2_PARA_DL1_007;qcm;Non vu;0;0;
QCM_2024_S2_PARA_DL1_008;qcm;Non vu;0;0;
QCM_2024_S2_PARA_DL1_009;qcm;Non vu;0;0;
QCM_2024_S2_PARA_DL1_010;qcm;Non vu;0;0;
QCM_2024_S2_PARA_DL1_011;qcm;Non vu;0;0;
QCM_2024_S2_PARA_DL1_012;qcm;Non vu;0;0;
QCM_2024_S2_PARA_DL1_013;qcm;Non vu;0;0;
QCM_2024_S2_PARA_DL1_014;qcm;Non vu;0;0;
QCM_2024_S2_PARA_DL1_015;qcm;Non vu;0;0;
QCM_2024_S2_PARA_DL1_016;qcm;Non vu;0;0;
QCM_2024_S2_PARA_DL1_017;qcm;Non vu;0;0;
QCM_2024_S2_PARA_DL1_018;qcm;Non vu;0;0;
QCM_2024_S2_VIRO_DL2_001;qcm;Non vu;0;0;
QCM_2024_S2_VIRO_DL2_002;qcm;Non vu;0;0;
QCM_2024_S2_VIRO_DL2_003;qcm;Non vu;0;0;
QCM_2024_S2_VIRO_DL2_004;qcm;Non vu;0;0;
QCM_2024_S2_VIRO_DL2_005;qcm;Non vu;0;0;
QCM_2024_S2_VIRO_DL2_006;qcm;Non vu;0;0;
QCM_2024_S2_VIRO_DL2_007;qcm;Non vu;0;0;
QCM_2024_S2_VIRO_DL2_008;qcm;Non vu;0;0;
QCM_2024_S2_VIRO_DL2_009;qcm;Non vu;0;0;
QCM_2024_S2_VIRO_DL2_010;qcm;Non vu;0;0;
QCM_2024_S2_VIRO_DL2_011;qcm;Non vu;0;0;
QCM_2024_S2_VIRO_DL2_012;qcm;Non vu;0;0;
QCM_2024_S2_VIRO_DL2_013;qcm;Non vu;0;0;
QCM_2024_S2_VIRO_DL2_014;qcm;Non vu;0;0;
QCM_2024_S2_VIRO_DL2_015;qcm;Non vu;0;0;
QCM_2024_S2_VIRO_DL2_016;qcm;Non vu;0;0;
QCM_2024_S2_VIRO_DL2_017;qcm;Non vu;0;0;
QCM_2024_S2_VIRO_DL2_018;qcm;Non vu;0;0;
QCM_2024_S2_VIRO_DL2_019;qcm;Non vu;0;0;
QCM_2024_S2_BACT_DL3_001;qcm;Non vu;0;0;
QCM_2024_S2_BACT_DL3_002;qcm;Non vu;0;0;
QCM_2024_S2_BACT_DL3_003;qcm;Non vu;0;0;
QCM_2024_S2_BACT_DL3_004;qcm;Non vu;0;0;
QCM_2024_S2_BACT_DL3_005;qcm;Non vu;0;0;
QCM_2024_S2_BACT_DL3_006;qcm;Non vu;0;0;
QCM_2024_S2_BACT_DL3_007;qcm;Non vu;0;0;
QCM_2024_S2_BACT_DL3_008;qcm;Non vu;0;0;
QCM_2024_S2_BACT_DL3_009;qcm;Non vu;0;0;
QCM_2024_S2_BACT_DL3_010;qcm;Non vu;0;0;
QCM_2024_S2_BACT_DL3_011;qcm;Non vu;0;0;
QCM_2024_S2_BACT_DL3_012;qcm;Non vu;0;0;
QCM_2024_S2_BACT_DL3_013;qcm;Non vu;0;0;
QCM_2024_S2_BACT_DL3_014;qcm;Non vu;0;0;
QCM_2024_S2_BACT_DL3_015;qcm;Non vu;0;0;
QCM_2024_S2_BACT_DL3_016;qcm;Non vu;0;0;
QCM_2024_S2_BACT_DL3_017;qcm;Non vu;0;0;
QCM_2024_S2_BACT_DL3_018;qcm;Non vu;0;0;
QCM_2024_S2_BACT_DL3_019;qcm;Non vu;0;0;
QCM_2024_S2_BACT_DL3_020;qcm;Non vu;0;0;
QCM_2024_S2_PARA_DP1_001;qcm;Non vu;0;0;
QCM_2024_S2_PARA_DP1_002;qcm;Non vu;0;0;
QCM_2024_S2_PARA_DP1_003;qcm;Non vu;0;0;
QCM_2024_S2_PARA_DP1_004;qcm;Non vu;0;0;
QCM_2024_S2_PARA_DP1_005;qcm;Non vu;0;0;
QCM_2024_S2_PARA_DP1_006;qcm;Non vu;0;0;
QCM_2024_S2_PARA_DP1_007;qcm;Non vu;0;0;
QCM_2024_S2_PARA_DP1_008;qcm;Non vu;0;0;
QCM_2024_S2_PARA_DP1_009;qcm;Non vu;0;0;
QCM_2024_S2_PARA_DP1_010;qcm;Non vu;0;0;
QCM_2024_S2_PARA_DP1_011;qcm;Non vu;0;0;
QCM_2024_S2_PARA_DP1_012;qcm;Non vu;0;0;
QCM_2024_S2_BACT_DP2_001;qcm;Non vu;0;0;
QCM_2024_S2_BACT_DP2_002;qcm;Non vu;0;0;
QCM_2024_S2_BACT_DP2_003;qcm;Non vu;0;0;
QCM_2024_S2_BACT_DP2_004;qcm;Non vu;0;0;
QCM_2024_S2_BACT_DP2_005;qcm;Non vu;0;0;
QCM_2024_S2_BACT_DP2_006;qcm;Non vu;0;0;
QCM_2024_S2_BACT_DP2_007;qcm;Non vu;0;0;
QCM_2024_S2_BACT_DP2_008;qcm;Non vu;0;0;
QCM_2024_S2_BACT_DP2_009;qcm;Non vu;0;0;
QCM_2024_S2_BACT_DP2_010;qcm;Non vu;0;0;
QCM_2024_S2_BACT_DP2_011;qcm;Non vu;0;0;
QCM_2024_S2_BACT_DP2_012;qcm;Non vu;0;0;
QCM_2024_S2_VIRO_DP3_001;qcm;Non vu;0;0;
QCM_2024_S2_VIRO_DP3_002;qcm;Non vu;0;0;
QCM_2024_S2_VIRO_DP3_003;qcm;Non vu;0;0;
QCM_2024_S2_VIRO_DP3_004;qcm;Non vu;0;0;
QCM_2024_S2_VIRO_DP3_005;qcm;Non vu;0;0;
QCM_2024_S2_VIRO_DP3_006;qcm;Non vu;0;0;
QCM_2024_S2_VIRO_DP3_007;qcm;Non vu;0;0;
QCM_2024_S2_VIRO_DP3_008;qcm;Non vu;0;0;
QCM_2024_S2_VIRO_DP3_009;qcm;Non vu;0;0;
QCM_2024_S2_VIRO_DP3_010;qcm;Non vu;0;0;
QCM_2024_S2_VIRO_DP3_011;qcm;Non vu;0;0;
QCM_2024_S2_VIRO_DP3_012;qcm;Non vu;0;0;
QCM_2025_S1_PARA_DP1_001;qcm;Non vu;0;0;
QCM_2025_S1_PARA_DP1_002;qcm;Non vu;0;0;
QCM_2025_S1_PARA_DP1_003;qcm;Non vu;0;0;
QCM_2025_S1_PARA_DP1_004;qcm;Non vu;0;0;
QCM_2025_S1_PARA_DP1_005;qcm;Non vu;0;0;
QCM_2025_S1_PARA_DP1_006;qcm;Non vu;0;0;
QCM_2025_S1_PARA_DP1_007;qcm;Non vu;0;0;
QCM_2025_S1_PARA_DP1_008;qcm;Non vu;0;0;
QCM_2025_S1_PARA_DP1_009;qcm;Non vu;0;0;
QCM_2025_S1_PARA_DP1_010;qcm;Non vu;0;0;
QCM_2025_S1_PARA_DP1_011;qcm;Non vu;0;0;
QCM_2025_S1_PARA_DP1_012;qcm;Non vu;0;0;
QCM_2025_S1_VIRO_DP2_001;qcm;Non vu;0;0;
QCM_2025_S1_VIRO_DP2_002;qcm;Non vu;0;0;
QCM_2025_S1_VIRO_DP2_003;qcm;Non vu;0;0;
QCM_2025_S1_VIRO_DP2_004;qcm;Non vu;0;0;
QCM_2025_S1_VIRO_DP2_005;qcm;Non vu;0;0;
QCM_2025_S1_VIRO_DP2_006;qcm;Non vu;0;0;
QCM_2025_S1_VIRO_DP2_007;qcm;Non vu;0;0;
QCM_2025_S1_VIRO_DP2_008;qcm;Non vu;0;0;
QCM_2025_S1_VIRO_DP2_009;qcm;Non vu;0;0;
QCM_2025_S1_VIRO_DP2_010;qcm;Non vu;0;0;
QCM_2025_S1_BACT_DP3_001;qcm;Non vu;0;0;
QCM_2025_S1_BACT_DP3_002;qcm;Non vu;0;0;
QCM_2025_S1_BACT_DP3_003;qcm;Non vu;0;0;
QCM_2025_S1_BACT_DP3_004;qcm;Non vu;0;0;
QCM_2025_S1_BACT_DP3_005;qcm;Non vu;0;0;
QCM_2025_S1_BACT_DP3_006;qcm;Non vu;0;0;
QCM_2025_S1_BACT_DP3_007;qcm;Non vu;0;0;
QCM_2025_S1_BACT_DP3_008;qcm;Non vu;0;0;
QCM_2025_S1_BACT_DP3_009;qcm;Non vu;0;0;
QCM_2025_S1_BACT_DP3_010;qcm;Non vu;0;0;
QCM_2025_S1_BACT_DP3_011;qcm;Non vu;0;0;
QCM_2025_S1_PARA_DL1_001;qcm;Non vu;0;0;
QCM_2025_S1_PARA_DL1_002;qcm;Non vu;0;0;
QCM_2025_S1_PARA_DL1_003;qcm;Non vu;0;0;
QCM_2025_S1_PARA_DL1_004;qcm;Non vu;0;0;
QCM_2025_S1_PARA_DL1_005;qcm;Non vu;0;0;
QCM_2025_S1_PARA_DL1_006;qcm;Non vu;0;0;
QCM_2025_S1_PARA_DL1_007;qcm;Non vu;0;0;
QCM_2025_S1_PARA_DL1_008;qcm;Non vu;0;0;
QCM_2025_S1_PARA_DL1_009;qcm;Non vu;0;0;
QCM_2025_S1_PARA_DL1_010;qcm;Non vu;0;0;
QCM_2025_S1_PARA_DL1_011;qcm;Non vu;0;0;
QCM_2025_S1_PARA_DL1_012;qcm;Non vu;0;0;
QCM_2025_S1_PARA_DL1_013;qcm;Non vu;0;0;
QCM_2025_S1_PARA_DL1_014;qcm;Non vu;0;0;
QCM_2025_S1_PARA_DL1_015;qcm;Non vu;0;0;
QCM_2025_S1_PARA_DL1_016;qcm;Non vu;0;0;
QCM_2025_S1_PARA_DL1_017;qcm;Non vu;0;0;
QCM_2025_S1_PARA_DL1_018;qcm;Non vu;0;0;
QCM_2025_S1_VIRO_DL2_001;qcm;Non vu;0;0;
QCM_2025_S1_VIRO_DL2_002;qcm;Non vu;0;0;
QCM_2025_S1_VIRO_DL2_003;qcm;Non vu;0;0;
QCM_2025_S1_VIRO_DL2_004;qcm;Non vu;0;0;
QCM_2025_S1_VIRO_DL2_005;qcm;Non vu;0;0;
QCM_2025_S1_VIRO_DL2_006;qcm;Non vu;0;0;
QCM_2025_S1_VIRO_DL2_007;qcm;Non vu;0;0;
QCM_2025_S1_VIRO_DL2_008;qcm;Non vu;0;0;
QCM_2025_S1_VIRO_DL2_009;qcm;Non vu;0;0;
QCM_2025_S1_VIRO_DL2_010;qcm;Non vu;0;0;
QCM_2025_S1_VIRO_DL2_011;qcm;Non vu;0;0;
QCM_2025_S1_VIRO_DL2_012;qcm;Non vu;0;0;
QCM_2025_S1_VIRO_DL2_013;qcm;Non vu;0;0;
QCM_2025_S1_VIRO_DL2_014;qcm;Non vu;0;0;
QCM_2025_S1_VIRO_DL2_015;qcm;Non vu;0;0;
QCM_2025_S1_VIRO_DL2_016;qcm;Non vu;0;0;
QCM_2025_S1_VIRO_DL2_017;qcm;Non vu;0;0;
QCM_2025_S1_VIRO_DL2_018;qcm;Non vu;0;0;
QCM_2025_S1_VIRO_DL2_019;qcm;Non vu;0;0;
QCM_2025_S1_BACT_DL3_001;qcm;Non vu;0;0;
QCM_2025_S1_BACT_DL3_002;qcm;Non vu;0;0;
QCM_2025_S1_BACT_DL3_003;qcm;Non vu;0;0;
QCM_2025_S1_BACT_DL3_004;qcm;Non vu;0;0;
QCM_2025_S1_BACT_DL3_005;qcm;Non vu;0;0;
QCM_2025_S1_BACT_DL3_006;qcm;Non vu;0;0;
QCM_2025_S1_BACT_DL3_007;qcm;Non vu;0;0;
QCM_2025_S1_BACT_DL3_008;qcm;Non vu;0;0;
QCM_2025_S1_BACT_DL3_009;qcm;Non vu;0;0;
QCM_2025_S1_BACT_DL3_010;qcm;Non vu;0;0;
QCM_2025_S1_BACT_DL3_011;qcm;Non vu;0;0;
QCM_2025_S1_BACT_DL3_012;qcm;Non vu;0;0;
QCM_2025_S1_BACT_DL3_013;qcm;Non vu;0;0;
QCM_2025_S1_BACT_DL3_014;qcm;Non vu;0;0;
QCM_2025_S1_BACT_DL3_015;qcm;Non vu;0;0;
QCM_2025_S1_BACT_DL3_016;qcm;Non vu;0;0;
QCM_2025_S1_BACT_DL3_017;qcm;Non vu;0;0;
QCM_2025_S1_BACT_DL3_018;qcm;Non vu;0;0;
QCM_2025_S1_BACT_DL3_019;qcm;Non vu;0;0;
QCM_2025_S2_VIRO_DL1_001;qcm;Non vu;0;0;
QCM_2025_S2_VIRO_DL1_002;qcm;Non vu;0;0;
QCM_2025_S2_VIRO_DL1_003;qcm;Non vu;0;0;
QCM_2025_S2_VIRO_DL1_004;qcm;Non vu;0;0;
QCM_2025_S2_VIRO_DL1_005;qcm;Non vu;0;0;
QCM_2025_S2_VIRO_DL1_006;qcm;Non vu;0;0;
QCM_2025_S2_VIRO_DL1_007;qcm;Non vu;0;0;
QCM_2025_S2_VIRO_DL1_008;qcm;Non vu;0;0;
QCM_2025_S2_VIRO_DL1_009;qcm;Non vu;0;0;
QCM_2025_S2_VIRO_DL1_010;qcm;Non vu;0;0;
QCM_2025_S2_VIRO_DL1_011;qcm;Non vu;0;0;
QCM_2025_S2_VIRO_DL1_012;qcm;Non vu;0;0;
QCM_2025_S2_VIRO_DL1_013;qcm;Non vu;0;0;
QCM_2025_S2_VIRO_DL1_014;qcm;Non vu;0;0;
QCM_2025_S2_VIRO_DL1_015;qcm;Non vu;0;0;
QCM_2025_S2_VIRO_DL1_016;qcm;Non vu;0;0;
QCM_2025_S2_VIRO_DL1_017;qcm;Non vu;0;0;
QCM_2025_S2_VIRO_DL1_018;qcm;Non vu;0;0;
QCM_2025_S2_VIRO_DL1_019;qcm;Non vu;0;0;
QCM_2025_S2_BACT_DL2_001;qcm;Non vu;0;0;
QCM_2025_S2_BACT_DL2_002;qcm;Non vu;0;0;
QCM_2025_S2_BACT_DL2_003;qcm;Non vu;0;0;
QCM_2025_S2_BACT_DL2_004;qcm;Non vu;0;0;
QCM_2025_S2_BACT_DL2_005;qcm;Non vu;0;0;
QCM_2025_S2_BACT_DL2_006;qcm;Non vu;0;0;
QCM_2025_S2_BACT_DL2_007;qcm;Non vu;0;0;
QCM_2025_S2_BACT_DL2_008;qcm;Non vu;0;0;
QCM_2025_S2_BACT_DL2_009;qcm;Non vu;0;0;
QCM_2025_S2_BACT_DL2_010;qcm;Non vu;0;0;
QCM_2025_S2_BACT_DL2_011;qcm;Non vu;0;0;
QCM_2025_S2_BACT_DL2_012;qcm;Non vu;0;0;
QCM_2025_S2_BACT_DL2_013;qcm;Non vu;0;0;
QCM_2025_S2_BACT_DL2_014;qcm;Non vu;0;0;
QCM_2025_S2_BACT_DL2_015;qcm;Non vu;0;0;
QCM_2025_S2_BACT_DL2_016;qcm;Non vu;0;0;
QCM_2025_S2_BACT_DL2_017;qcm;Non vu;0;0;
QCM_2025_S2_BACT_DL2_018;qcm;Non vu;0;0;
QCM_2025_S2_BACT_DL2_019;qcm;Non vu;0;0;
QCM_2025_S2_BACT_DL2_020;qcm;Non vu;0;0;
QCM_2025_S2_PARA_DL3_001;qcm;Non vu;0;0;
QCM_2025_S2_PARA_DL3_002;qcm;Non vu;0;0;
QCM_2025_S2_PARA_DL3_003;qcm;Non vu;0;0;
QCM_2025_S2_PARA_DL3_004;qcm;Non vu;0;0;
QCM_2025_S2_PARA_DL3_005;qcm;Non vu;0;0;
QCM_2025_S2_PARA_DL3_006;qcm;Non vu;0;0;
QCM_2025_S2_PARA_DL3_007;qcm;Non vu;0;0;
QCM_2025_S2_PARA_DL3_008;qcm;Non vu;0;0;
QCM_2025_S2_PARA_DL3_009;qcm;Non vu;0;0;
QCM_2025_S2_PARA_DL3_010;qcm;Non vu;0;0;
QCM_2025_S2_PARA_DL3_011;qcm;Non vu;0;0;
QCM_2025_S2_PARA_DL3_012;qcm;Non vu;0;0;
QCM_2025_S2_PARA_DL3_013;qcm;Non vu;0;0;
QCM_2025_S2_PARA_DL3_014;qcm;Non vu;0;0;
QCM_2025_S2_PARA_DL3_015;qcm;Non vu;0;0;
QCM_2025_S2_PARA_DL3_016;qcm;Non vu;0;0;
QCM_2025_S2_PARA_DL3_017;qcm;Non vu;0;0;
QCM_2025_S2_PARA_DL3_018;qcm;Non vu;0;0;
QCM_2025_S2_PARA_DP1_001;qcm;Non vu;0;0;
QCM_2025_S2_PARA_DP1_002;qcm;Non vu;0;0;
QCM_2025_S2_PARA_DP1_003;qcm;Non vu;0;0;
QCM_2025_S2_PARA_DP1_004;qcm;Non vu;0;0;
QCM_2025_S2_PARA_DP1_005;qcm;Non vu;0;0;
QCM_2025_S2_PARA_DP1_006;qcm;Non vu;0;0;
QCM_2025_S2_PARA_DP1_007;qcm;Non vu;0;0;
QCM_2025_S2_PARA_DP1_008;qcm;Non vu;0;0;
QCM_2025_S2_PARA_DP1_009;qcm;Non vu;0;0;
QCM_2025_S2_PARA_DP1_010;qcm;Non vu;0;0;
QCM_2025_S2_PARA_DP1_011;qcm;Non vu;0;0;
QCM_2025_S2_PARA_DP1_012;qcm;Non vu;0;0;
QCM_2025_S2_BACT_DP2_001;qcm;Non vu;0;0;
QCM_2025_S2_BACT_DP2_002;qcm;Non vu;0;0;
QCM_2025_S2_BACT_DP2_003;qcm;Non vu;0;0;
QCM_2025_S2_BACT_DP2_004;qcm;Non vu;0;0;
QCM_2025_S2_BACT_DP2_005;qcm;Non vu;0;0;
QCM_2025_S2_BACT_DP2_006;qcm;Non vu;0;0;
QCM_2025_S2_BACT_DP2_007;qcm;Non vu;0;0;
QCM_2025_S2_BACT_DP2_008;qcm;Non vu;0;0;
QCM_2025_S2_BACT_DP2_009;qcm;Non vu;0;0;
QCM_2025_S2_BACT_DP2_010;qcm;Non vu;0;0;
QCM_2025_S2_BACT_DP2_011;qcm;Non vu;0;0;
QCM_2025_S2_BACT_DP2_012;qcm;Non vu;0;0;
QCM_2025_S2_VIRO_DP3_001;qcm;Non vu;0;0;
QCM_2025_S2_VIRO_DP3_002;qcm;Non vu;0;0;
QCM_2025_S2_VIRO_DP3_003;qcm;Non vu;0;0;
QCM_2025_S2_VIRO_DP3_004;qcm;Non vu;0;0;
QCM_2025_S2_VIRO_DP3_005;qcm;Non vu;0;0;
QCM_2025_S2_VIRO_DP3_006;qcm;Non vu;0;0;
QCM_2025_S2_VIRO_DP3_007;qcm;Non vu;0;0;
QCM_2025_S2_VIRO_DP3_008;qcm;Non vu;0;0;
QCM_2025_S2_VIRO_DP3_009;qcm;Non vu;0;0;
QCM_2025_S2_VIRO_DP3_010;qcm;Non vu;0;0;
THEME_BACT_ANTIBIOTIQUES;theme;Non vu;0;0;
THEME_BACT_TUBERCULOSE;theme;Non vu;0;0;
THEME_BACT_STREPTOCOQUES;theme;Non vu;0;0;
THEME_BACT_DIGESTIF;theme;Non vu;0;0;
THEME_BACT_DIAGNOSTIC;theme;Non vu;0;0;
THEME_VIRO_VIH;theme;Non vu;0;0;
THEME_VIRO_CMV;theme;Non vu;0;0;
THEME_VIRO_HERPESVIRUS;theme;Non vu;0;0;
THEME_VIRO_HEPATITES;theme;Non vu;0;0;
THEME_VIRO_ARBOVIRUS;theme;Non vu;0;0;
THEME_VIRO_DIAGNOSTIC_SEROLOGIE;theme;Non vu;0;0;
THEME_VIRO_RESPIRATOIRE_EMERGENCE;theme;Non vu;0;0;
THEME_PARA_CANDIDEMIE;theme;Non vu;0;0;
THEME_PARA_ASPERGILLOSE;theme;Non vu;0;0;
THEME_PARA_LEVURES_FILAMENTEUX;theme;Non vu;0;0;
THEME_PARA_ANTIFONGIQUES;theme;Non vu;0;0;
THEME_NOSO_AES;theme;Non vu;0;0;
THEME_NOSO_BMR_BHRE;theme;Non vu;0;0;
THEME_NOSO_HYGIENE_MAINS;theme;Non vu;0;0;
THEME_NOSO_PRECAUTIONS_COMPLEMENTAIRES;theme;Non vu;0;0;
THEME_NOSO_IAS_ISO;theme;Non vu;0;0;
THEME_NOSO_CATHETERS;theme;Non vu;0;0;
THEME_NOSO_IU_SONDAGE;theme;Non vu;0;0;
THEME_VIRO_CMV_DUP2;theme;Non vu;0;0;
THEME_VIRO_RESPIRATOIRE;theme;Non vu;0;0;
THEME_VIRO_HERPESVIRUS_DUP2;theme;Non vu;0;0;
THEME_VIRO_VIH_DUP2;theme;Non vu;0;0;
THEME_VIRO_HPV;theme;Non vu;0;0;
THEME_BACT_TUBERCULOSE_DUP2;theme;Non vu;0;0;
THEME_BACT_DIAGNOSTIC_BASES;theme;Non vu;0;0;
THEME_BACT_INFECTIONS_DIGESTIVES;theme;Non vu;0;0;
THEME_BACT_URINAIRE;theme;Non vu;0;0;
THEME_PARA_BASES_PARASITO;theme;Non vu;0;0;
THEME_PARA_ECTOPARASITOSES;theme;Non vu;0;0;
THEME_PARA_MYCOLOGIE_BASES;theme;Non vu;0;0;
THEME_NOSO_PRECAUTIONS_AIR;theme;Non vu;0;0;
THEME_PARA_PALUDISME;theme;Non vu;0;0;
THEME_BACT_MENINGITE_MENINGOCOQUE;theme;Non vu;0;0;
THEME_VIRO_VIH_HEPATITES_HSV;theme;Non vu;0;0;
THEME_BACT_TUBERCULOSE_DUP3;theme;Non vu;0;0;
THEME_BACT_DERMOHYPODERMITE;theme;Non vu;0;0;
THEME_PARA_CANDIDEMIE_ASPERGILLOSE;theme;Non vu;0;0;
THEME_BACT_INFECTIONS_URINAIRES;theme;Non vu;0;0;
THEME_BACT_ECOLI_RESISTANCES;theme;Non vu;0;0;
THEME_BACT_CDIFFICILE;theme;Non vu;0;0;
THEME_VIRO_MENINGITE_VIRALE;theme;Non vu;0;0;
THEME_VIRO_ENTEROVIRUS;theme;Non vu;0;0;
THEME_VIRO_HSV2_MENINGITE;theme;Non vu;0;0;
THEME_VIRO_ENCEPHALITE_HERPETIQUE;theme;Non vu;0;0;
THEME_VIRO_ZONA_VZV;theme;Non vu;0;0;
THEME_PARA_PALUDISME_FALCIPARUM;theme;Non vu;0;0;
THEME_PARA_CRITERES_GRAVITE_PALUDISME;theme;Non vu;0;0;
THEME_PARA_TRAITEMENT_PREVENTION_PALUDISME;theme;Non vu;0;0;
THEME_NOSO_ANTISEPSIE_HYGIENE;theme;Non vu;0;0;
THEME_NOSO_RESISTANCE_BMR;theme;Non vu;0;0;
THEME_NOSO_DECLARATION_OBLIGATOIRE;theme;Non vu;0;0;
THEME_BACT_CUTANEO_MUQUEUSES;theme;Non vu;0;0;
THEME_BACT_BETALACTAMASES_SARM;theme;Non vu;0;0;
THEME_BACT_RESPIRATOIRE_COMMUNAUTAIRE;theme;Non vu;0;0;
THEME_BACT_HEMOCULTURES;theme;Non vu;0;0;
THEME_BACT_MENINGITE_ADULTE;theme;Non vu;0;0;
THEME_BACT_CHLAMYDIA;theme;Non vu;0;0;
THEME_TRANSVERSAL_GROSSESSE_SEROLOGIES;theme;Non vu;0;0;
THEME_BACT_SALMONELLES_TYPHIQUES;theme;Non vu;0;0;
THEME_BACT_TUBERCULOSE_COMPLEXE;theme;Non vu;0;0;
THEME_BACT_MACROLIDES_AMINOSIDES;theme;Non vu;0;0;
THEME_NOSO_PRECAUTIONS_COMPLEMENTAIRES_DUP2;theme;Non vu;0;0;
THEME_BACT_GRAM_STRUCTURE;theme;Non vu;0;0;
THEME_BACT_MICROBIOTE_VAGINAL;theme;Non vu;0;0;
THEME_VIRO_STRUCTURE_BASES;theme;Non vu;0;0;
THEME_VIRO_DIAGNOSTIC_RESPIRATOIRE;theme;Non vu;0;0;
THEME_VIRO_VIH_DUP3;theme;Non vu;0;0;
THEME_VIRO_HPV_DUP2;theme;Non vu;0;0;
THEME_VIRO_HEPATITES_DUP2;theme;Non vu;0;0;
THEME_VIRO_CMV_CONGENITAL;theme;Non vu;0;0;
THEME_VIRO_RUBEOLE_GROSSESSE;theme;Non vu;0;0;
THEME_VIRO_TRANSMISSION_BIOCIDES;theme;Non vu;0;0;
THEME_VIRO_HERPESVIRIDAE;theme;Non vu;0;0;
THEME_VIRO_ROTAVIRUS;theme;Non vu;0;0;
THEME_PARA_CANDIDA;theme;Non vu;0;0;
THEME_PARA_DERMATOPHYTOSE;theme;Non vu;0;0;
THEME_PARA_HELMINTHES_EOSINOPHILIE;theme;Non vu;0;0;
THEME_PARA_ECTOPARASITOSES_DUP2;theme;Non vu;0;0;
THEME_PARA_TOXOPLASMOSE;theme;Non vu;0;0;
THEME_PARA_AMIBIASE_GIARDIA;theme;Non vu;0;0;
THEME_PARA_CRYPTOCOCCOSE_PNEUMOCYSTIS;theme;Non vu;0;0;
THEME_PARA_ASPERGILLOSE_DUP2;theme;Non vu;0;0;
THEME_BACT_IU_CDIFFICILE_2022;theme;Non vu;0;0;
THEME_VIRO_NEURO_2022;theme;Non vu;0;0;
THEME_PARA_PALUDISME_FALCIPARUM_2022;theme;Non vu;0;0;
THEME_PARA_CANDIDEMIE_2022_S2;theme;Non vu;0;0;
THEME_PARA_DERMATOPHYTOSE_2022_S2;theme;Non vu;0;0;
THEME_PARA_MALASSEZIA_2022_S2;theme;Non vu;0;0;
THEME_PARA_TOXOPLASMOSE_2022_S2;theme;Non vu;0;0;
THEME_PARA_ECTOPARASITOSES_2022_S2;theme;Non vu;0;0;
THEME_PARA_HELMINTHES_EOSINO_2022_S2;theme;Non vu;0;0;
THEME_PARA_PALUDISME_2022_S2;theme;Non vu;0;0;
THEME_PARA_GIARDIASE_2022_S2;theme;Non vu;0;0;
THEME_PARA_ASPERGILLOSE_2022_S2;theme;Non vu;0;0;
THEME_PARA_PNEUMOCYSTOSE_2022_S2;theme;Non vu;0;0;
THEME_VIRO_HSV2_GROSSESSE_2022_S2;theme;Non vu;0;0;
THEME_VIRO_VIH_DIAGNOSTIC_BILAN_2022_S2;theme;Non vu;0;0;
THEME_VIRO_VIH_MATERNO_FOETAL_2022_S2;theme;Non vu;0;0;
THEME_VIRO_VIH_TRANSMISSION_AES_2022_S2;theme;Non vu;0;0;
THEME_VIRO_BASES_2022_S2;theme;Non vu;0;0;
THEME_VIRO_MATERNO_FOETAL_2022_S2;theme;Non vu;0;0;
THEME_VIRO_HPV_ONCOGENES_2022_S2;theme;Non vu;0;0;
THEME_VIRO_HEPATITES_2022_S2;theme;Non vu;0;0;
THEME_VIRO_RUBEOLE_ROUGEOLE_2022_S2;theme;Non vu;0;0;
THEME_VIRO_TRANSMISSION_BIOCIDES_2022_S2;theme;Non vu;0;0;
THEME_VIRO_HERPESVIRIDAE_2022_S2;theme;Non vu;0;0;
THEME_VIRO_GASTROENTERITES_2022_S2;theme;Non vu;0;0;
THEME_BACT_PNEUMONIE_COMMUNAUTAIRE_2022_S2;theme;Non vu;0;0;
THEME_BACT_LEGIONELLA_2022_S2;theme;Non vu;0;0;
THEME_BACT_PNEUMONIES_ATYPIQUES_INTRACELLULAIRES_2022_S2;theme;Non vu;0;0;
THEME_BACT_CDIFFICILE_2022_S2;theme;Non vu;0;0;
THEME_BACT_ECBU_IU_2022_S2;theme;Non vu;0;0;
THEME_BACT_INFECTIONS_CUTANEES_2022_S2;theme;Non vu;0;0;
THEME_BACT_RESPIRATOIRE_ORL_2022_S2;theme;Non vu;0;0;
THEME_BACT_STREPTOCOQUES_2022_S2;theme;Non vu;0;0;
THEME_BACT_ENTEROCOQUE_LISTERIA_2022_S2;theme;Non vu;0;0;
THEME_BACT_HEMOCULTURES_2022_S2;theme;Non vu;0;0;
THEME_BACT_MENINGITE_2022_S2;theme;Non vu;0;0;
THEME_BACT_IST_2022_S2;theme;Non vu;0;0;
THEME_BACT_DIARRHEES_2022_S2;theme;Non vu;0;0;
THEME_BACT_ANTIBIOGRAMME_RESISTANCES_2022_S2;theme;Non vu;0;0;
THEME_BACT_ANTIBIOTIQUES_2022_S2;theme;Non vu;0;0;
THEME_TRANSVERSAL_VACCINS_2022_S2;theme;Non vu;0;0;
THEME_BACT_MICROBIOTE_VAGINAL_2022_S2;theme;Non vu;0;0;
THEME_VIRO_BASES_2023_S1;theme;Non vu;0;0;
THEME_VIRO_HEPATITES_2023_S1;theme;Non vu;0;0;
THEME_VIRO_EBV_MNI_2023_S1;theme;Non vu;0;0;
THEME_VIRO_HERPES_HSV_2023_S1;theme;Non vu;0;0;
THEME_VIRO_MENINGITE_VIRALE_2023_S1;theme;Non vu;0;0;
THEME_VIRO_ROUGEOLE_RUBEOLE_2023_S1;theme;Non vu;0;0;
THEME_VIRO_PARVOVIRUS_B19_2023_S1;theme;Non vu;0;0;
THEME_VIRO_GRIPPE_PANDEMIE_2023_S1;theme;Non vu;0;0;
THEME_VIRO_VIH_PRIMO_2023_S1;theme;Non vu;0;0;
THEME_VIRO_BIOCIDES_ANTIVIRAUX_2023_S1;theme;Non vu;0;0;
THEME_VIRO_BRONCHIOLITE_VRS_2023_S1;theme;Non vu;0;0;
THEME_VIRO_GASTROENTERITES_2023_S1;theme;Non vu;0;0;
THEME_BACT_MICROBIOTES_2023_S1;theme;Non vu;0;0;
THEME_BACT_DIARRHEES_2023_S1;theme;Non vu;0;0;
THEME_BACT_IST_URETRITE_2023_S1;theme;Non vu;0;0;
THEME_BACT_NEONATAL_2023_S1;theme;Non vu;0;0;
THEME_BACT_ANGINE_2023_S1;theme;Non vu;0;0;
THEME_BACT_ENTEROCOQUES_2023_S1;theme;Non vu;0;0;
THEME_BACT_BETALACTAMASES_2023_S1;theme;Non vu;0;0;
THEME_BACT_ECBU_IU_2023_S1;theme;Non vu;0;0;
THEME_BACT_GRAM_STRUCTURE_2023_S1;theme;Non vu;0;0;
THEME_NOSO_SHA_PLAIE_MASQUE_2023_S1;theme;Non vu;0;0;
THEME_BACT_VECTORIEL_2023_S1;theme;Non vu;0;0;
THEME_BACT_STAPH_AUREUS_2023_S1;theme;Non vu;0;0;
THEME_BACT_TUBERCULOSE_2023_S1;theme;Non vu;0;0;
THEME_BACT_LEGIONELLA_2023_S1;theme;Non vu;0;0;
THEME_BACT_SEUILS_QUANTITATIFS_2023_S1;theme;Non vu;0;0;
THEME_BACT_OMA_PNEUMO_HI_2023_S1;theme;Non vu;0;0;
THEME_BACT_MENINGITE_PNEUMOCOQUE_2023_S1;theme;Non vu;0;0;
THEME_TRANSVERSAL_VACCINS_ENFANT_2023_S1;theme;Non vu;0;0;
THEME_NOSO_INFECTION_ENTERIQUE_2023_S1;theme;Non vu;0;0;
THEME_PARA_CANDIDA_CANDIDEMIE_2023_S1;theme;Non vu;0;0;
THEME_PARA_AMIBIASE_2023_S1;theme;Non vu;0;0;
THEME_PARA_LEVURES_2023_S1;theme;Non vu;0;0;
THEME_PARA_PALUDISME_2023_S1;theme;Non vu;0;0;
THEME_PARA_TAENIA_SOLIUM_2023_S1;theme;Non vu;0;0;
THEME_PARA_ASCARI_OXYUROSE_GALE_2023_S1;theme;Non vu;0;0;
THEME_PARA_ASPERGILLOSE_2023_S1;theme;Non vu;0;0;
THEME_PARA_PNEUMOCYSTOSE_2023_S1;theme;Non vu;0;0;
THEME_PARA_GIARDIASE_TEIGNE_2023_S1;theme;Non vu;0;0;
THEME_PARA_TOXOPLASMOSE_GROSSESSE_2023_S1;theme;Non vu;0;0;
THEME_PARA_TOXOPLASMOSE_CONGENITALE_2023_S1;theme;Non vu;0;0;
THEME_VIRO_GROSSESSE_DEPISTAGE_2023_S2;theme;Non vu;0;0;
THEME_VIRO_VHB_MATERNO_FOETAL_2023_S2;theme;Non vu;0;0;
THEME_VIRO_VHB_AIGU_CHRONIQUE_2023_S2;theme;Non vu;0;0;
THEME_VIRO_VHD_DELTA_2023_S2;theme;Non vu;0;0;
THEME_BACT_IU_MASCULINE_2023_S2;theme;Non vu;0;0;
THEME_BACT_HEMOCULTURES_2023_S2;theme;Non vu;0;0;
THEME_BACT_ENDOCARDITE_ENTEROCOQUE_2023_S2;theme;En cours;3;2;2026-05-12
THEME_NOSO_BHRE_CARBAPENEMASE_2023_S2;theme;Non vu;0;0;
THEME_PARA_VOYAGE_TROPICAL_2023_S2;theme;Non vu;0;0;
THEME_PARA_PALUDISME_2023_S2;theme;Non vu;0;0;
THEME_PARA_AMIBIASE_HEPATIQUE_2023_S2;theme;Non vu;0;0;
THEME_PARA_CRITERES_GRAVITE_PALUDISME_2023_S2;theme;Non vu;0;0;
THEME_BACT_MENINGOCOQUE_2023_S2;theme;Non vu;0;0;
THEME_BACT_ORL_PNEUMO_HI_2023_S2;theme;Non vu;0;0;
THEME_BACT_BU_ECBU_GRAVIDITE_2023_S2;theme;Non vu;0;0;
THEME_BACT_STRUCTURE_DIAGNOSTIC_2023_S2;theme;Non vu;0;0;
THEME_BACT_STAPH_COAG_NEG_2023_S2;theme;Non vu;0;0;
THEME_BACT_MENINGITES_AMOX_2023_S2;theme;Non vu;0;0;
THEME_BACT_COPROCULTURE_TIAC_2023_S2;theme;Non vu;0;0;
THEME_BACT_BLSE_BHRE_2023_S2;theme;Non vu;0;0;
THEME_NOSO_GANTS_FFP2_2023_S2;theme;Non vu;0;0;
THEME_BACT_CHLAMYDIA_2023_S2;theme;Non vu;0;0;
THEME_BACT_CONTAMINATION_HEMOCULTURE_2023_S2;theme;Non vu;0;0;
THEME_BACT_STREPTO_AGALACTIAE_2023_S2;theme;Non vu;0;0;
THEME_BACT_TUBERCULOSE_DIAG_2023_S2;theme;Non vu;0;0;
THEME_BACT_ANAEROBIES_2023_S2;theme;Non vu;0;0;
THEME_BACT_STREPTOCOQUES_2023_S2;theme;Non vu;0;0;
THEME_PARA_PNEUMOCYSTIS_HISTOPLASMA_2023_S2;theme;Non vu;0;0;
THEME_PARA_EPS_PROTOZOAIRES_2023_S2;theme;Non vu;0;0;
THEME_PARA_DERMATOPHYTES_MALASSEZIA_2023_S2;theme;Non vu;0;0;
THEME_PARA_TOXOPLASMOSE_CRYPTO_2023_S2;theme;Non vu;0;0;
THEME_PARA_ECTOPARASITOSES_2023_S2;theme;Non vu;0;0;
THEME_PARA_MUCORALES_MUCORMYCOSE_2023_S2;theme;Non vu;0;0;
THEME_PARA_ASPERGILLOSE_CHRONIQUE_ASPERGILLOME_2023_S2;theme;Non vu;0;0;
THEME_PARA_CANDIDA_2023_S2;theme;Non vu;0;0;
THEME_PARA_CRYPTOCOCCOSE_2023_S2;theme;Non vu;0;0;
THEME_PARA_HELMINTHES_EOSINOPHILIE_2023_S2;theme;Non vu;0;0;
THEME_VIRO_HEPATITES_2023_S2_QCM;theme;Non vu;0;0;
THEME_VIRO_BASES_DIAGNOSTIC_2023_S2;theme;Non vu;0;0;
THEME_VIRO_HERPES_EBV_CMV_2023_S2;theme;Non vu;0;0;
THEME_VIRO_GROSSESSE_2023_S2_QCM;theme;Non vu;0;0;
THEME_VIRO_VIH_2023_S2_QCM;theme;Non vu;0;0;
THEME_VIRO_BIOCIDES_2023_S2_QCM;theme;Non vu;0;0;
THEME_VIRO_HPV_2023_S2_QCM;theme;Non vu;0;0;
THEME_VIRO_GASTRO_ROTAVIRUS_2023_S2;theme;Non vu;0;0;
THEME_VIRO_RESPIRATOIRES_2023_S2;theme;Non vu;0;0;
THEME_VIRO_ENTEROVIRUS_2023_S2;theme;Non vu;0;0;
THEME_VIRO_INFECTIONS_GENERALES_2023_S2;theme;Non vu;0;0;
THEME_BACT_DIARRHEE_INVASIVE_SHIGELLOSE_2024_S1;theme;Non vu;0;0;
THEME_BACT_BLSE_SHIGELLA_2024_S1;theme;Non vu;0;0;
THEME_BACT_FLUOROQUINOLONES_2024_S1;theme;Non vu;0;0;
THEME_BACT_STEC_SHU_2024_S1;theme;Non vu;0;0;
THEME_BACT_SARM_2024_S1;theme;Non vu;0;0;
THEME_PARA_VOYAGE_COTE_IVOIRE_2024_S1;theme;Non vu;0;0;
THEME_PARA_PALUDISME_2024_S1;theme;Non vu;0;0;
THEME_PARA_CRITERES_GRAVITE_PALUDISME_2024_S1;theme;Non vu;0;0;
THEME_PARA_HYPEREOSINOPHILIE_2024_S1;theme;Non vu;0;0;
THEME_PARA_GIARDIOSE_2024_S1;theme;Non vu;0;0;
THEME_PARA_SCHISTOSOMOSE_2024_S1;theme;Non vu;0;0;
THEME_VIRO_GROSSESSE_SEROLOGIES_2024_S1;theme;Non vu;0;0;
THEME_VIRO_RUBEOLE_GROSSESSE_2024_S1;theme;Non vu;0;0;
THEME_VIRO_HPV_CANCER_COL_2024_S1;theme;Non vu;0;0;
THEME_PARA_PALUDISME_DIAGNOSTIC_2024_S1;theme;Non vu;0;0;
THEME_PARA_TOXOPLASMOSE_GROSSESSE_2024_S1;theme;Non vu;0;0;
THEME_PARA_OXYUROSE_2024_S1;theme;Non vu;0;0;
THEME_PARA_TAENIA_SOLIUM_2024_S1;theme;Non vu;0;0;
THEME_PARA_GALE_SARCOPTES_2024_S1;theme;Non vu;0;0;
THEME_PARA_HELMINTHES_EOSINOPHILIE_2024_S1;theme;Non vu;0;0;
THEME_PARA_CANDIDA_MORPHO_2024_S1;theme;Non vu;0;0;
THEME_PARA_ASPERGILLUS_2024_S1;theme;Non vu;0;0;
THEME_PARA_PNEUMOCYSTOSE_2024_S1;theme;Non vu;0;0;
THEME_PARA_CRYPTOCOCCOSE_2024_S1;theme;Non vu;0;0;
THEME_PARA_DERMATOPHYTES_2024_S1;theme;Non vu;0;0;
THEME_PARA_GIARDIASE_2024_S1_DL;theme;Non vu;0;0;
THEME_PARA_AMIBIASE_TROPHOZOITES_2024_S1;theme;Non vu;0;0;
THEME_VIRO_BASES_2024_S1_DL2;theme;Non vu;0;0;
THEME_VIRO_GRIPPE_2024_S1_DL2;theme;Non vu;0;0;
THEME_VIRO_VIH_2024_S1_DL2;theme;Non vu;0;0;
THEME_VIRO_FIEVRES_ERUPTIVES_2024_S1_DL2;theme;Non vu;0;0;
THEME_VIRO_HPV_2024_S1_DL2;theme;Non vu;0;0;
THEME_VIRO_HEPATITES_2024_S1_DL2;theme;Non vu;0;0;
THEME_VIRO_CMV_CONGENITAL_2024_S1_DL2;theme;Non vu;0;0;
THEME_VIRO_OREILLONS_2024_S1_DL2;theme;Non vu;0;0;
THEME_VIRO_TRANSMISSION_BIOCIDES_2024_S1_DL2;theme;Non vu;0;0;
THEME_VIRO_ROUGEOLE_2024_S1_DL2;theme;Non vu;0;0;
THEME_VIRO_HERPESVIRIDAE_2024_S1_DL2;theme;Non vu;0;0;
THEME_VIRO_ROTAVIRUS_2024_S1_DL2;theme;Non vu;0;0;
THEME_BACT_HEMOCULTURES_2024_S1;theme;Non vu;0;0;
THEME_NOSO_HYGIENE_MAINS_2024_S1;theme;Non vu;0;0;
THEME_BACT_STREPTO_PYOGENES_ERYSIPELE_2024_S1;theme;Non vu;0;0;
THEME_BACT_MICROBIOTE_INTESTINAL_2024_S1;theme;Non vu;0;0;
THEME_BACT_NEONATAL_STREPTOB_2024_S1;theme;Non vu;0;0;
THEME_BACT_PNEUMONIES_ATYPIQUES_2024_S1;theme;Non vu;0;0;
THEME_NOSO_DECLARATION_OBLIGATOIRE_2024_S1;theme;Non vu;0;0;
THEME_BACT_STRUCTURE_GENERALE_2024_S1;theme;Non vu;0;0;
THEME_BACT_CYSTITE_SIMPLE_2024_S1;theme;Non vu;0;0;
THEME_BACT_CHLAMYDIA_2024_S1;theme;Non vu;0;0;
THEME_BACT_MATERNO_FOETALE_HEMATOGENE_2024_S1;theme;Non vu;0;0;
THEME_BACT_ANTIBIOTIQUES_PAROI_2024_S1;theme;Non vu;0;0;
THEME_BACT_COQUELUCHE_2024_S1;theme;Non vu;0;0;
THEME_TRANSVERSAL_VACCINS_2024_S1;theme;Non vu;0;0;
THEME_BACT_PAROI_GRAM_ZIEHL_2024_S1;theme;Non vu;0;0;
THEME_BACT_IU_CRITERES_2024_S1;theme;Non vu;0;0;
THEME_NOSO_MASQUES_AIR_GOUTTELETTES_2024_S1;theme;Non vu;0;0;
THEME_NOSO_BMR_MICROBIOTE_2024_S1;theme;Non vu;0;0;
THEME_PARA_PROTOZOAIRES_2024_S2;theme;Non vu;0;0;
THEME_PARA_AMIBIASE_2024_S2;theme;Non vu;0;0;
THEME_PARA_PALUDISME_2024_S2_DL1;theme;Non vu;0;0;
THEME_PARA_TOXOPLASMOSE_FORMES_2024_S2;theme;Non vu;0;0;
THEME_PARA_TAENIA_SAGINATA_2024_S2;theme;Non vu;0;0;
THEME_PARA_TRICHOMONAS_2024_S2;theme;Non vu;0;0;
THEME_PARA_ECTOPARASITOSES_2024_S2;theme;Non vu;0;0;
THEME_PARA_HYPEREOSINOPHILIE_2024_S2;theme;Non vu;0;0;
THEME_PARA_CANDIDOSES_INVASIVES_2024_S2;theme;Non vu;0;0;
THEME_PARA_MALASSEZIA_2024_S2;theme;Non vu;0;0;
THEME_PARA_ASPERGILLOSE_INVASIVE_2024_S2;theme;Non vu;0;0;
THEME_PARA_PNEUMOCYSTOSE_CULTURE_2024_S2;theme;Non vu;0;0;
THEME_PARA_DERMATOPHYTES_2024_S2;theme;Non vu;0;0;
THEME_PARA_GIARDIASE_2024_S2;theme;Non vu;0;0;
THEME_VIRO_STRUCTURE_DIAGNOSTIC_2024_S2;theme;Non vu;0;0;
THEME_VIRO_GROSSESSE_2024_S2;theme;Non vu;0;0;
THEME_VIRO_VIH_2024_S2;theme;Non vu;0;0;
THEME_VIRO_HPV_2024_S2;theme;Non vu;0;0;
THEME_VIRO_HEPATITES_2024_S2;theme;Non vu;0;0;
THEME_VIRO_INFECTIONS_GENERALES_2024_S2;theme;Non vu;0;0;
THEME_VIRO_ARBOVIRUS_FIEVRES_HEMORRAGIQUES_2024_S2;theme;Non vu;0;0;
THEME_VIRO_BIOCIDES_2024_S2;theme;Non vu;0;0;
THEME_VIRO_HERPESVIRIDAE_EBV_2024_S2;theme;Non vu;0;0;
THEME_VIRO_ROTAVIRUS_2024_S2;theme;Non vu;0;0;
THEME_VIRO_ENTEROVIRUS_2024_S2;theme;Non vu;0;0;
THEME_BACT_MICROBIOTE_VAGINAL_2024_S2;theme;Non vu;0;0;
THEME_BACT_ENDOCARDITE_PORTES_ENTREE_2024_S2;theme;Non vu;0;0;
THEME_BACT_CAPSULE_2024_S2;theme;Non vu;0;0;
THEME_BACT_ANTIBIOGRAMME_2024_S2;theme;Non vu;0;0;
THEME_BACT_LISTERIA_GROSSESSE_2024_S2;theme;Non vu;0;0;
THEME_BACT_IMPETIGO_CUTANE_2024_S2;theme;Non vu;0;0;
THEME_BACT_TUBERCULOSE_DIAG_HYGIENE_2024_S2;theme;Non vu;0;0;
THEME_BACT_GROSSESSE_SEROLOGIES_2024_S2;theme;Non vu;0;0;
THEME_BACT_GONOCOQUE_2024_S2;theme;Non vu;0;0;
THEME_BACT_PENICILLINASES_RESISTANCES_2024_S2;theme;Non vu;0;0;
THEME_NOSO_HYGIENE_MAINS_2024_S2;theme;Non vu;0;0;
THEME_NOSO_SURVEILLANCE_DO_2024_S2;theme;Non vu;0;0;
THEME_BACT_HEMOCULTURES_BACTERIEMIE_2024_S2;theme;Non vu;0;0;
THEME_NOSO_GRIPPE_MASQUE_2024_S2;theme;Non vu;0;0;
THEME_BACT_DIARRHEE_DYSENTERIQUE_2024_S2;theme;Non vu;0;0;
THEME_BACT_RESPIRATOIRE_REEVALUATION_2024_S2;theme;Non vu;0;0;
THEME_BACT_STAPH_SAPROPHYTICUS_2024_S2;theme;Non vu;0;0;
THEME_PARA_VIH_OPPORTUNISTES_2024_S2;theme;Non vu;0;0;
THEME_PARA_CRYPTOCOCCOSE_2024_S2_DP;theme;Non vu;0;0;
THEME_PARA_PNEUMOCYSTOSE_2024_S2_DP;theme;Non vu;0;0;
THEME_PARA_BETA_D_GLUCANES_2024_S2;theme;Non vu;0;0;
THEME_PARA_CANDIDOSE_OROPHARYNGEE_2024_S2;theme;Non vu;0;0;
THEME_BACT_OMA_2024_S2;theme;Non vu;0;0;
THEME_BACT_HAEMOPHILUS_RESISTANCE_2024_S2;theme;Non vu;0;0;
THEME_NOSO_HAEMOPHILUS_GOUTTELETTES_2024_S2;theme;Non vu;0;0;
THEME_BACT_ANGINE_STREPTO_A_2024_S2;theme;Maîtrisé;5;1;2026-05-12
THEME_VIRO_GRIPPE_DIAGNOSTIC_2024_S2;theme;Non vu;0;0;
THEME_VIRO_TRANSMISSION_RESPIRATOIRE_2024_S2_DP;theme;Non vu;0;0;
THEME_VIRO_INFLUENZA_PHYSIOPATH_2024_S2;theme;Non vu;0;0;
THEME_VIRO_GRIPPE_SEVERE_2024_S2;theme;Non vu;0;0;
THEME_VIRO_VACCINATION_GRIPPE_2024_S2;theme;Non vu;0;0;
THEME_PARA_CANDIDOSE_SUPERFICIELLE_2025_S1;theme;Non vu;0;0;
THEME_PARA_MYCOSES_SUPERFICIELLES_2025_S1;theme;Non vu;0;0;
THEME_PARA_CANDIDEMIE_2025_S1;theme;Non vu;0;0;
THEME_PARA_CASPOFUNGINE_2025_S1;theme;Non vu;0;0;
THEME_VIRO_VACCINATION_GROSSESSE_2025_S1;theme;Non vu;0;0;
THEME_VIRO_HERPES_GENITAL_GROSSESSE_2025_S1;theme;Non vu;0;0;
THEME_VIRO_HSV_TRAITEMENT_2025_S1;theme;Non vu;0;0;
THEME_VIRO_HERPES_NEONATAL_2025_S1;theme;Non vu;0;0;
THEME_BACT_IST_URETRITE_2025_S1;theme;Non vu;0;0;
THEME_VIRO_VIH_PRIMO_INFECTION_2025_S1;theme;Non vu;0;0;
THEME_BACT_SYPHILIS_2025_S1;theme;Non vu;0;0;
THEME_TRANSVERSAL_DECLARATION_VIH_2025_S1;theme;Non vu;0;0;
THEME_PARA_BILHARZIOSE_UROGENITALE_2025_S1;theme;Non vu;0;0;
THEME_PARA_CANDIDA_LEVURES_2025_S1_DL;theme;Non vu;0;0;
THEME_PARA_MALASSEZIA_2025_S1;theme;Non vu;0;0;
THEME_PARA_GIARDIA_CRYPTO_AMIBOSE_2025_S1;theme;Non vu;0;0;
THEME_PARA_TOXOPLASMOSE_FORMES_2025_S1;theme;Non vu;0;0;
THEME_PARA_HYPEREOSINOPHILIE_2025_S1;theme;Non vu;0;0;
THEME_PARA_GALE_2025_S1;theme;Non vu;0;0;
THEME_PARA_ASPERGILLOSE_INVASIVE_2025_S1;theme;Non vu;0;0;
THEME_PARA_DERMATOPHYTES_2025_S1;theme;Non vu;0;0;
THEME_PARA_ASCARI_OXYUROSE_2025_S1;theme;Non vu;0;0;
THEME_PARA_ECHINOCOCCOSE_2025_S1;theme;Non vu;0;0;
THEME_PARA_PALUDISME_2025_S1_DL;theme;Non vu;0;0;
THEME_PARA_TAENIA_SAGINATA_2025_S1;theme;Non vu;0;0;
THEME_PARA_LEISHMANIOSE_VECTEUR_2025_S1;theme;Non vu;0;0;
THEME_VIRO_ENTEROVIRUS_2025_S1;theme;Non vu;0;0;
THEME_VIRO_HSV_ENCEPHALITE_2025_S1;theme;Non vu;0;0;
THEME_VIRO_VIH_DIAGNOSTIC_2025_S1_DL;theme;Non vu;0;0;
THEME_VIRO_HPV_COL_2025_S1_DL;theme;Non vu;0;0;
THEME_VIRO_RESPIRATOIRES_2025_S1;theme;Non vu;0;0;
THEME_VIRO_HEPATITES_2025_S1_DL;theme;Non vu;0;0;
THEME_VIRO_STRUCTURE_BASES_2025_S1;theme;Non vu;0;0;
THEME_VIRO_ARBOVIRUS_2025_S1;theme;Non vu;0;0;
THEME_VIRO_BIOCIDES_2025_S1;theme;Non vu;0;0;
THEME_VIRO_HERPESVIRIDAE_2025_S1_DL;theme;Non vu;0;0;
THEME_VIRO_RUBEOLE_GROSSESSE_2025_S1_DL;theme;Non vu;0;0;
THEME_VIRO_ONCOGENES_2025_S1;theme;Non vu;0;0;
THEME_VIRO_ROTAVIRUS_2025_S1;theme;Non vu;0;0;
THEME_VIRO_EBV_MNI_2025_S1;theme;Non vu;0;0;
THEME_NOSO_PLAIE_ANTISEPSIE_2025_S1;theme;Non vu;0;0;
THEME_BACT_VECTORIEL_2025_S1;theme;Non vu;0;0;
THEME_BACT_ANGINE_2025_S1;theme;Non vu;0;0;
THEME_BACT_ANAEROBIES_2025_S1;theme;Non vu;0;0;
THEME_BACT_STAPH_AUREUS_2025_S1;theme;Non vu;0;0;
THEME_BACT_TUBERCULOSE_2025_S1;theme;Non vu;0;0;
THEME_NOSO_DECLARATION_OBLIGATOIRE_2025_S1;theme;Non vu;0;0;
THEME_NOSO_MASQUE_CHIRURGICAL_2025_S1;theme;Non vu;0;0;
THEME_BACT_ANTIBIOTIQUES_PAROI_2025_S1;theme;Non vu;0;0;
THEME_BACT_ENTEROCOCCUS_FAECALIS_2025_S1;theme;Non vu;0;0;
THEME_BACT_MENINGITES_ADULTE_2025_S1;theme;Non vu;0;0;
THEME_BACT_COPROCULTURE_2025_S1;theme;Non vu;0;0;
THEME_BACT_NEONATAL_2025_S1;theme;Non vu;0;0;
THEME_BACT_HEMOCULTURES_2025_S1;theme;Non vu;0;0;
THEME_BACT_GRAM_2025_S1;theme;Non vu;0;0;
THEME_BACT_MICROBIOTE_VAGINAL_2025_S1;theme;Non vu;0;0;
THEME_BACT_COQUELUCHE_2025_S1;theme;Non vu;0;0;
THEME_BACT_STAPH_SAPROPHYTICUS_2025_S1;theme;Non vu;0;0;
THEME_VIRO_BASES_STRUCTURE_2025_S2;theme;Non vu;0;0;
THEME_VIRO_ONCOGENES_2025_S2;theme;Non vu;0;0;
THEME_VIRO_GEA_2025_S2;theme;Non vu;0;0;
THEME_VIRO_ENCEPHALITES_2025_S2;theme;Non vu;0;0;
THEME_VIRO_ENTEROVIRUS_2025_S2;theme;Non vu;0;0;
THEME_VIRO_VIH_2025_S2;theme;Non vu;0;0;
THEME_VIRO_RESPIRATOIRES_SARS_2025_S2;theme;Non vu;0;0;
THEME_VIRO_HEPATITE_A_2025_S2;theme;Non vu;0;0;
THEME_VIRO_HPV_2025_S2;theme;Non vu;0;0;
THEME_VIRO_PHYSIOPATH_2025_S2;theme;Non vu;0;0;
THEME_VIRO_ARBOVIRUS_2025_S2;theme;Non vu;0;0;
THEME_VIRO_BIOCIDES_2025_S2;theme;Non vu;0;0;
THEME_VIRO_VZV_2025_S2;theme;Non vu;0;0;
THEME_VIRO_RUBEOLE_GROSSESSE_2025_S2;theme;Non vu;0;0;
THEME_VIRO_ROUGEOLE_2025_S2;theme;Non vu;0;0;
THEME_VIRO_VACCINS_2025_S2;theme;Non vu;0;0;
THEME_VIRO_EBV_MNI_2025_S2;theme;Non vu;0;0;
THEME_NOSO_GANTS_SHA_2025_S2;theme;Non vu;0;0;
THEME_BACT_CAPSULE_2025_S2;theme;Non vu;0;0;
THEME_BACT_MICROBIOTE_INTESTINAL_2025_S2;theme;Non vu;0;0;
THEME_BACT_OMA_2025_S2;theme;Non vu;0;0;
THEME_BACT_STAPH_2025_S2;theme;Non vu;0;0;
THEME_TRANSVERSAL_VACCINS_2025_S2_BACT;theme;Non vu;0;0;
THEME_BACT_CUTANE_2025_S2;theme;Non vu;0;0;
THEME_BACT_BU_IU_2025_S2;theme;Non vu;0;0;
THEME_BACT_HEMOCULTURES_2025_S2;theme;Non vu;0;0;
THEME_BACT_RESISTANCES_NATURELLES_2025_S2;theme;Non vu;0;0;
THEME_BACT_STREPTOCOQUES_2025_S2;theme;Non vu;0;0;
THEME_BACT_NEONATAL_STREPTOB_2025_S2;theme;Non vu;0;0;
THEME_BACT_DIARRHEES_2025_S2;theme;Non vu;0;0;
THEME_BACT_LISTERIA_GROSSESSE_2025_S2;theme;Non vu;0;0;
THEME_BACT_GONOCOQUE_2025_S2;theme;Non vu;0;0;
THEME_BACT_PNEUMO_SEUIL_EXPECTORATION_2025_S2;theme;Non vu;0;0;
THEME_PARA_HYPEREOSINOPHILIE_2025_S2;theme;Non vu;0;0;
THEME_PARA_GALE_2025_S2;theme;Non vu;0;0;
THEME_PARA_PHTIRIOSE_2025_S2;theme;Non vu;0;0;
THEME_PARA_DERMATOPHYTOSE_2025_S2;theme;Non vu;0;0;
THEME_PARA_PALUDISME_PREVENTION_2025_S2;theme;Non vu;0;0;
THEME_PARA_AMIBIASE_2025_S2;theme;Non vu;0;0;
THEME_PARA_OXYUROSE_2025_S2;theme;Non vu;0;0;
THEME_PARA_ASPERGILLOSE_PREVENTION_2025_S2;theme;Non vu;0;0;
THEME_PARA_CYSTICERCOSE_2025_S2;theme;Non vu;0;0;
THEME_PARA_CANDIDEMIE_2025_S2;theme;Non vu;0;0;
THEME_PARA_PNEUMOCYSTOSE_2025_S2;theme;Non vu;0;0;
THEME_PARA_CRYPTOCOCCOSE_2025_S2;theme;Non vu;0;0;
THEME_PARA_TOXOPLASMOSE_GROSSESSE_2025_S2_DL;theme;Non vu;0;0;
THEME_PARA_BILHARZIOSE_2025_S2;theme;Non vu;0;0;
THEME_PARA_MALASSEZIA_PITYRIASIS_2025_S2;theme;Non vu;0;0;
THEME_PARA_CANDIDA_2025_S2_DL;theme;Non vu;0;0;
THEME_PARA_GIARDIOSE_2025_S2;theme;Non vu;0;0;
THEME_PARA_TOXOPLASMA_BASES_2025_S2;theme;Non vu;0;0;
THEME_PARA_TOXOPLASMOSE_PREVENTION_2025_S2;theme;Non vu;0;0;
THEME_PARA_TOXOPLASMOSE_SUIVI_GROSSESSE_2025_S2;theme;Non vu;0;0;
THEME_PARA_PRIMO_INFECTION_TOXO_2025_S2;theme;Non vu;0;0;
THEME_PARA_TOXOPLASMOSE_CONGENITALE_2025_S2;theme;Non vu;0;0;
THEME_PARA_TOXO_REACTIVATION_2025_S2;theme;Non vu;0;0;
THEME_BACT_RESPIRATOIRE_COMMUNAUTAIRE_2025_S2;theme;Non vu;0;0;
THEME_BACT_TUBERCULOSE_CLINIQUE_2025_S2;theme;Non vu;0;0;
THEME_BACT_TUBERCULOSE_PHYSIOPATH_2025_S2;theme;Non vu;0;0;
THEME_BACT_TUBERCULOSE_DIAGNOSTIC_2025_S2;theme;Non vu;0;0;
THEME_BACT_TUBERCULOSE_TRAITEMENT_2025_S2;theme;Non vu;0;0;
THEME_NOSO_TUBERCULOSE_AIR_2025_S2;theme;Non vu;0;0;
THEME_BACT_TUBERCULOSE_BCG_IGRA_IDR_2025_S2;theme;Non vu;0;0;
THEME_VIRO_SYNDROME_MONONUCLEOSIQUE_2025_S2;theme;Non vu;0;0;
THEME_VIRO_PRIMO_VIH_2025_S2_DP;theme;Non vu;0;0;
THEME_VIRO_EBV_DIAGNOSTIC_2025_S2_DP;theme;Non vu;0;0;
THEME_VIRO_CMV_DIAGNOSTIC_2025_S2_DP;theme;Non vu;0;0;
THEME_VIRO_EBV_AMOXICILLINE_2025_S2;theme;Non vu;0;0;
THEME_VIRO_EBV_BIOLOGIE_TRANSMISSION_2025_S2;theme;Non vu;0;0;
THEME_VIRO_EBV_CARACTERISTIQUES_2025_S2;theme;Non vu;0;0;
CAS_2021_S2_PARA_001;cas;Maîtrisé;5;1;2026-05-12
CAS_2021_S2_BACT_001;cas;Non vu;0;0;
CAS_2021_S2_VIRO_001;cas;Non vu;0;0;
CAS_2021_S1_INF_001;cas;Non vu;0;0;
CAS_2021_S1_INF_002;cas;Non vu;0;0;
CAS_2021_S1_PARA_001;cas;Non vu;0;0;
CAS_2022_S1_BACT_001;cas;Non vu;0;0;
CAS_2022_S1_VIRO_001;cas;Non vu;0;0;
CAS_2022_S1_PARA_001;cas;Non vu;0;0;
CAS_2022_S2_VIRO_001;cas;Non vu;0;0;
CAS_2022_S2_BACT_001;cas;Non vu;0;0;
CAS_2023_S1_VIRO_001;cas;Non vu;0;0;
CAS_2022_S2_PARA_001;cas;Non vu;0;0;
CAS_2023_S1_BACT_001;cas;Non vu;0;0;
CAS_2023_S1_PARA_001;cas;Non vu;0;0;
CAS_2023_S2_VIRO_001;cas;Non vu;0;0;
CAS_2023_S2_BACT_001;cas;Non vu;0;0;
CAS_2023_S2_PARA_001;cas;Non vu;0;0;
CAS_2024_S1_BACT_001;cas;Non vu;0;0;
CAS_2024_S1_PARA_001;cas;Non vu;0;0;
CAS_2024_S1_VIRO_001;cas;Non vu;0;0;
CAS_2024_S2_PARA_001;cas;Non vu;0;0;
CAS_2024_S2_BACT_001;cas;Non vu;0;0;
CAS_2024_S2_VIRO_001;cas;Non vu;0;0;
CAS_2025_S1_PARA_001;cas;Non vu;0;0;
CAS_2025_S1_VIRO_001;cas;Non vu;0;0;
CAS_2025_S1_BACT_001;cas;Non vu;0;0;
CAS_2025_S2_PARA_001;cas;Non vu;0;0;
CAS_2025_S2_BACT_001;cas;Non vu;0;0;
CAS_2025_S2_VIRO_001;cas;Non vu;0;0;
